{"stats":{"minecraft:mined":{"minecraft:white_bed":1,"minecraft:mossy_cobblestone":2,"minecraft:cherry_log":5,"minecraft:powder_snow":2,"minecraft:crafting_table":4,"regions_unexplored:salmon_poppy_bush":1,"minecraft:grass_block":4,"regions_unexplored:poppy_bush":3,"minecraft:cobblestone":5,"minecraft:tall_grass":5,"minecraft:pink_petals":4,"minecraft:birch_planks":7,"minecraft:furnace":1,"minecraft:iron_ore":4,"minecraft:bee_nest":1,"regions_unexplored:silver_birch_leaves":1,"minecraft:grass":13,"minecraft:coal_ore":2,"minecraft:cobblestone_slab":1,"regions_unexplored:silver_birch_log":33,"minecraft:black_candle":3,"regions_unexplored:medium_grass":4,"minecraft:stone":26},"minecraft:picked_up":{"minecraft:wooden_axe":1,"minecraft:pink_petals":5,"minecraft:crafting_table":4,"minecraft:feather":2,"minecraft:azure_bluet":1,"minecraft:chicken":2,"minecraft:cherry_planks":1,"minecraft:leather":5,"minecraft:wooden_pickaxe":1,"minecraft:birch_planks":7,"minecraft:flint":1,"regions_unexplored:salmon_poppy_bush":1,"minecraft:string":1,"minecraft:dirt":14,"minecraft:moss_carpet":1,"regions_unexplored:poppy_bush":1,"minecraft:wheat_seeds":5,"minecraft:beef":19,"minecraft:cobblestone_slab":1,"alexsmobs:raccoon_tail":1,"minecraft:egg":1,"minecraft:furnace":1,"minecraft:stick":1,"minecraft:raw_iron":4,"minecraft:black_candle":3,"divinerpg:terran_shards":2,"minecraft:porkchop":7,"minecraft:cherry_log":5,"minecraft:white_bed":1,"divinerpg:aquatic_pellets":2,"minecraft:mossy_cobblestone":2,"minecraft:spider_eye":1,"minecraft:stone_axe":1,"regions_unexplored:silver_birch_log":33,"minecraft:green_wool":1,"minecraft:mutton":6,"minecraft:coal":2,"minecraft:white_wool":4,"minecraft:cobblestone":30},"minecraft:killed":{"minecraft:pig":4,"alexsmobs:raccoon":1,"minecraft:spider":1,"minecraft:horse":1,"minecraft:sheep":4,"minecraft:zombie":1,"minecraft:chicken":2,"divinerpg:kobblin":2,"alexsmobs:bison":1,"minecraft:cow":7},"minecraft:crafted":{"minecraft:cooked_beef":3,"minecraft:cherry_planks":20,"minecraft:crafting_table":3,"minecraft:wooden_pickaxe":2,"minecraft:furnace":1,"minecraft:birch_planks":132,"hangglider:glider_wing":1,"minecraft:stone_axe":1,"minecraft:cooked_mutton":5,"minecraft:air":0,"minecraft:stick":20,"minecraft:stone_pickaxe":1,"minecraft:wooden_axe":1,"minecraft:stone_sword":1,"minecraft:white_bed":1,"divinerpg:bacon":36},"minecraft:dropped":{"minecraft:stone_axe":1,"minecraft:wheat_seeds":5,"minecraft:azure_bluet":1,"tombstone:grave_key":1,"minecraft:wooden_axe":2,"minecraft:gold_nugget":7,"minecraft:wooden_pickaxe":2,"alexsmobs:raccoon_tail":1},"minecraft:used":{"divinerpg:bacon":21,"minecraft:cooked_mutton":5,"minecraft:moss_carpet":1,"minecraft:stone_sword":39,"minecraft:birch_planks":19,"minecraft:stone_pickaxe":35,"minecraft:wooden_pickaxe":8,"minecraft:cherry_planks":1,"minecraft:cobblestone_slab":1,"minecraft:mossy_cobblestone":2,"minecraft:dirt":2,"minecraft:mutton":1,"minecraft:crafting_table":5,"minecraft:white_bed":2,"minecraft:wooden_axe":19,"regions_unexplored:salmon_poppy_bush":1,"minecraft:green_wool":1,"minecraft:stone_axe":45,"minecraft:pink_petals":5,"minecraft:furnace":1,"tombstone:gift":1,"minecraft:cooked_beef":3},"minecraft:custom":{"minecraft:interact_with_furnace":5,"minecraft:mob_kills":24,"minecraft:interact_with_crafting_table":9,"minecraft:leave_game":2,"minecraft:time_since_death":27116,"minecraft:sleep_in_bed":1,"minecraft:climb_one_cm":32,"minecraft:time_since_rest":11956,"minecraft:sprint_one_cm":68277,"minecraft:damage_taken":1090,"minecraft:walk_one_cm":101023,"minecraft:drop":14,"minecraft:damage_dealt":2976,"minecraft:swim_one_cm":6886,"minecraft:fly_one_cm":193840,"minecraft:open_chest":4,"minecraft:crouch_one_cm":2164,"minecraft:play_time":39136,"tombstone:undead_killed":1,"minecraft:deaths":1,"minecraft:sneak_time":880,"minecraft:walk_under_water_one_cm":851,"minecraft:jump":1230,"minecraft:walk_on_water_one_cm":9138,"minecraft:total_world_time":39136,"minecraft:fall_one_cm":37488}},"DataVersion":3465}