{"stats":{"minecraft:mined":{"minecraft:white_bed":4,"minecraft:mossy_cobblestone":2,"minecraft:cherry_log":5,"minecraft:powder_snow":2,"minecraft:crafting_table":8,"regions_unexplored:salmon_poppy_bush":1,"minecraft:grass_block":6,"regions_unexplored:poppy_bush":3,"minecraft:cobblestone":5,"minecraft:tall_grass":5,"regions_unexplored:large_prismarite_cluster":1,"regions_unexplored:prismarite_cluster":2,"minecraft:hay_block":20,"minecraft:pink_petals":4,"minecraft:birch_planks":7,"minecraft:furnace":3,"minecraft:iron_ore":13,"minecraft:bee_nest":1,"regions_unexplored:silver_birch_leaves":1,"minecraft:pointed_dripstone":5,"minecraft:grass":15,"minecraft:coal_ore":16,"minecraft:cobblestone_slab":1,"regions_unexplored:silver_birch_log":33,"minecraft:dirt":1,"minecraft:sand":11,"minecraft:black_candle":3,"rpg_companions_tiny_dragons:skeleton":1,"regions_unexplored:medium_grass":4,"minecraft:stone":34,"regions_unexplored:maple_shrub":1,"minecraft:oak_leaves":4},"minecraft:picked_up":{"minecraft:wooden_axe":1,"minecraft:pink_petals":5,"minecraft:crafting_table":8,"minecraft:feather":2,"minecraft:azure_bluet":1,"minecraft:chicken":2,"minecraft:cherry_planks":1,"minecraft:leather":5,"minecraft:wooden_pickaxe":1,"minecraft:birch_planks":7,"minecraft:flint":1,"regions_unexplored:salmon_poppy_bush":1,"regions_unexplored:prismarite_cluster":2,"minecraft:string":1,"minecraft:dirt":17,"minecraft:moss_carpet":1,"regions_unexplored:poppy_bush":1,"regions_unexplored:large_prismarite_cluster":1,"minecraft:wheat_seeds":5,"regions_unexplored:maple_shrub":1,"minecraft:beef":21,"tombstone:bag_of_seeds":1,"minecraft:cobblestone_slab":1,"alexsmobs:raccoon_tail":1,"minecraft:egg":1,"minecraft:furnace":3,"minecraft:stick":1,"minecraft:raw_iron":13,"minecraft:black_candle":3,"divinerpg:terran_shards":4,"minecraft:porkchop":10,"minecraft:sand":11,"minecraft:cherry_log":5,"minecraft:pointed_dripstone":8,"regions_unexplored:pink_lupine":2,"minecraft:white_bed":4,"divinerpg:aquatic_pellets":2,"minecraft:mossy_cobblestone":2,"minecraft:spider_eye":1,"minecraft:stone_axe":1,"regions_unexplored:silver_birch_log":33,"minecraft:hay_block":20,"minecraft:green_wool":1,"minecraft:mutton":6,"minecraft:coal":16,"minecraft:white_wool":4,"minecraft:cobblestone":38},"minecraft:killed":{"minecraft:pig":6,"alexsmobs:raccoon":1,"minecraft:spider":1,"minecraft:skeleton":1,"minecraft:horse":1,"minecraft:sheep":4,"minecraft:zombie":1,"alexsmobs:terrapin":1,"minecraft:chicken":2,"divinerpg:kobblin":3,"alexsmobs:bison":1,"alexsmobs:crow":1,"minecraft:cow":9},"minecraft:crafted":{"minecraft:cooked_beef":3,"minecraft:cherry_planks":20,"minecraft:crafting_table":3,"minecraft:wooden_pickaxe":2,"minecraft:furnace":1,"minecraft:bucket":1,"minecraft:birch_planks":132,"hangglider:glider_wing":1,"minecraft:stone_axe":1,"minecraft:bread":60,"minecraft:cooked_mutton":5,"minecraft:air":0,"minecraft:glass":11,"travelersbackpack:white_sleeping_bag":1,"minecraft:shield":1,"minecraft:stick":20,"minecraft:iron_ingot":4,"minecraft:stone_pickaxe":1,"minecraft:wooden_axe":1,"minecraft:stone_sword":1,"minecraft:white_bed":1,"divinerpg:bacon":48,"minecraft:wheat":180},"minecraft:dropped":{"minecraft:stone_axe":1,"minecraft:wheat_seeds":5,"regions_unexplored:maple_shrub":1,"regions_unexplored:pink_lupine":1,"minecraft:azure_bluet":1,"minecraft:dirt":14,"minecraft:stick":1,"tombstone:grave_key":1,"minecraft:wooden_axe":2,"minecraft:cherry_planks":1,"minecraft:spider_eye":1,"minecraft:gold_nugget":7,"minecraft:wooden_pickaxe":2,"alexsmobs:raccoon_tail":1},"minecraft:used":{"minecraft:water_bucket":10,"divinerpg:bacon":32,"minecraft:cooked_mutton":5,"minecraft:moss_carpet":1,"minecraft:stone_sword":70,"minecraft:birch_planks":19,"regions_unexplored:large_prismarite_cluster":1,"minecraft:stone_pickaxe":77,"minecraft:shield":4,"minecraft:wooden_pickaxe":8,"minecraft:cherry_planks":1,"minecraft:cobblestone_slab":1,"minecraft:mossy_cobblestone":2,"minecraft:dirt":3,"minecraft:mutton":1,"minecraft:crafting_table":9,"regions_unexplored:prismarite_cluster":2,"minecraft:white_bed":4,"tombstone:bag_of_seeds":1,"minecraft:wooden_axe":19,"regions_unexplored:salmon_poppy_bush":1,"minecraft:bread":6,"minecraft:green_wool":1,"minecraft:stone_axe":52,"minecraft:pink_petals":5,"minecraft:furnace":3,"minecraft:bucket":11,"minecraft:egg":1,"tombstone:gift":2,"minecraft:cooked_beef":3,"regions_unexplored:pink_lupine":1},"minecraft:custom":{"minecraft:interact_with_furnace":16,"minecraft:mob_kills":32,"minecraft:interact_with_crafting_table":18,"minecraft:open_barrel":1,"minecraft:leave_game":2,"minecraft:time_since_death":22361,"minecraft:sleep_in_bed":2,"minecraft:climb_one_cm":32,"minecraft:time_since_rest":9090,"minecraft:sprint_one_cm":135791,"minecraft:damage_taken":1445,"minecraft:walk_one_cm":148469,"minecraft:damage_blocked_by_shield":115,"minecraft:drop":20,"minecraft:damage_dealt":3882,"minecraft:swim_one_cm":20372,"minecraft:fly_one_cm":362272,"minecraft:open_chest":6,"minecraft:crouch_one_cm":3339,"minecraft:play_time":63136,"tombstone:undead_killed":2,"minecraft:deaths":2,"minecraft:sneak_time":1378,"minecraft:walk_under_water_one_cm":6128,"minecraft:jump":2011,"minecraft:walk_on_water_one_cm":14054,"minecraft:total_world_time":63136,"minecraft:fall_one_cm":65936}},"DataVersion":3465}