{"stats":{"minecraft:broken":{"minecraft:stone_pickaxe":1},"minecraft:mined":{"minecraft:white_bed":5,"regions_unexplored:maple_planks":1,"regions_unexplored:maple_log":183,"minecraft:cherry_log":5,"divinerpg:realmite_ore":27,"minecraft:obsidian":20,"regions_unexplored:red_maple_shrub":5,"minecraft:carved_pumpkin":1,"regions_unexplored:hanging_prismarite":3,"minecraft:grass_block":187,"regions_unexplored:white_trillium":4,"minecraft:composter":5,"minecraft:oxeye_daisy":3,"regions_unexplored:blue_bioshroom":2,"minecraft:iron_ore":53,"minecraft:fire":28,"minecraft:pumpkin":1,"regions_unexplored:maple_stairs":5,"regions_unexplored:silver_birch_leaves":4,"minecraft:azure_bluet":1,"minecraft:pointed_dripstone":5,"minecraft:black_candle":8,"regions_unexplored:maple_branch":1,"minecraft:powder_snow":2,"regions_unexplored:stripped_maple_log":1,"minecraft:torch":32,"minecraft:chest":1,"minecraft:dead_bush":1,"minecraft:cobblestone":9,"mcwbridges:stone_brick_bridge_stair":28,"minecraft:grindstone":2,"minecraft:sugar_cane":112,"minecraft:wall_torch":11,"minecraft:pink_petals":4,"regions_unexplored:hyssop":7,"minecraft:wheat":2,"minecraft:lilac":1,"regions_unexplored:maple_fence":5,"minecraft:stone_brick_stairs":34,"minecraft:grass":420,"regions_unexplored:clover":3,"minecraft:sand":42,"minecraft:dirt":85,"rpg_companions_tiny_dragons:skeleton":1,"minecraft:red_mushroom_block":20,"regions_unexplored:prismoss_sprout":11,"minecraft:oak_leaves":13,"minecraft:deepslate":77,"regions_unexplored:fireweed":2,"regions_unexplored:spruce_shrub":1,"minecraft:mossy_cobblestone":2,"minecraft:dark_oak_leaves":1,"minecraft:deepslate_diamond_ore":23,"divinerpg:arlemite_ore_deepslate":3,"regions_unexplored:poppy_bush":3,"minecraft:brown_mushroom_block":12,"regions_unexplored:maple_leaves":5,"travelersbackpack:white_sleeping_bag":12,"minecraft:spruce_leaves":18,"mcwbridges:balustrade_cobblestone_bridge":1,"regions_unexplored:large_prismarite_cluster":7,"minecraft:hay_block":30,"divinerpg:plank_design":35,"minecraft:furnace":4,"regions_unexplored:orange_maple_leaves":6,"minecraft:potatoes":73,"minecraft:deepslate_iron_ore":12,"minecraft:shroomlight":16,"minecraft:cobblestone_slab":1,"regions_unexplored:red_maple_leaves":16,"regions_unexplored:ash_vent":2,"regions_unexplored:medium_grass":25,"regions_unexplored:orange_maple_leaf_pile":1,"minecraft:stone":563,"minecraft:soul_sand":12,"divinerpg:minibricks":146,"regions_unexplored:pink_bioshroom":1,"minecraft:dandelion":10,"travelersbackpack:standard":1,"minecraft:crafting_table":14,"minecraft:cornflower":2,"regions_unexplored:salmon_poppy_bush":1,"minecraft:campfire":1,"regions_unexplored:maple_door":8,"minecraft:tall_grass":29,"regions_unexplored:mauve_log":8,"regions_unexplored:daisy":4,"regions_unexplored:prismarite_cluster":50,"minecraft:coarse_dirt":2,"minecraft:birch_planks":12,"regions_unexplored:orange_maple_sapling":2,"minecraft:spruce_log":13,"minecraft:birch_leaves":1,"regions_unexplored:red_maple_leaf_pile":2,"minecraft:bee_nest":1,"regions_unexplored:tall_blue_bioshroom":1,"minecraft:coal_ore":88,"regions_unexplored:silver_birch_log":44,"minecraft:gravel":51,"minecraft:dripstone_block":1,"minecraft:stone_bricks":19,"regions_unexplored:maple_shrub":1,"minecraft:fern":2},"minecraft:picked_up":{"minecraft:wooden_axe":1,"minecraft:wheat":2,"beachparty:beach_parasol":3,"minecraft:anvil":1,"minecraft:enchanted_book":2,"regions_unexplored:maple_planks":1,"minecraft:stone_brick_stairs":34,"minecraft:string":17,"regions_unexplored:prismarite_cluster":52,"minecraft:shroomlight":15,"beachparty:coconut_open":6,"minecraft:cobbled_deepslate":47,"regions_unexplored:maple_shrub":1,"mcwbridges:stone_brick_bridge_stair":28,"minecraft:cobblestone_slab":1,"divinerpg:raw_arlemite":3,"alexsmobs:raccoon_tail":1,"minecraft:furnace":4,"minecraft:stick":43,"minecraft:composter":5,"minecraft:torch":50,"minecraft:porkchop":10,"minecraft:cherry_log":5,"minecraft:pointed_dripstone":9,"tombstone:grave_dust":16,"regions_unexplored:daisy":3,"minecraft:stone_sword":2,"minecraft:rotten_flesh":18,"regions_unexplored:mauve_log":7,"minecraft:carved_pumpkin":1,"minecraft:green_wool":1,"minecraft:obsidian":19,"minecraft:cobblestone":616,"minecraft:pink_petals":5,"minecraft:feather":2,"minecraft:lilac":1,"minecraft:cherry_planks":1,"divinerpg:realmite_axe":1,"minecraft:potato":268,"alexsmobs:bison_fur":2,"minecraft:flint":3,"minecraft:dirt":614,"minecraft:leather_boots":1,"minecraft:bone":28,"minecraft:bow":1,"regions_unexplored:red_maple_shrub":4,"minecraft:wheat_seeds":59,"minecraft:raw_gold":1,"minecraft:grindstone":2,"regions_unexplored:maple_stairs":5,"regions_unexplored:pink_bioshroom":1,"divinerpg:realmite_shield":1,"divinerpg:realmite_ingot":3,"regions_unexplored:tall_blue_bioshroom":4,"minecraft:poisonous_potato":3,"minecraft:sand":42,"minecraft:grass_block":2,"divinerpg:aquatic_pellets":2,"regions_unexplored:pink_lupine":2,"minecraft:mossy_cobblestone":2,"travelersbackpack:white_sleeping_bag":12,"regions_unexplored:hyssop":3,"minecraft:diamond":23,"regions_unexplored:clover":10,"minecraft:bone_meal":1,"minecraft:coarse_dirt":2,"minecraft:dark_oak_fence":1,"divinerpg:livicia_sword":1,"tombstone:dust_of_vanishing":1,"minecraft:charcoal":2,"minecraft:crafting_table":14,"minecraft:azure_bluet":2,"minecraft:chicken":2,"minecraft:brown_mushroom":7,"minecraft:structure_block":1,"minecraft:wooden_pickaxe":1,"regions_unexplored:white_trillium":4,"regions_unexplored:blue_bioshroom":2,"regions_unexplored:red_maple_leaf_pile":5,"minecraft:cornflower":2,"minecraft:moss_carpet":1,"regions_unexplored:poppy_bush":1,"divinerpg:aqua_ball":2,"regions_unexplored:spruce_shrub":1,"regions_unexplored:orange_maple_sapling":4,"beachparty:music_disc_caribbean_beach":1,"minecraft:beef":76,"regions_unexplored:maple_leaf_pile":16,"minecraft:sugar_cane":161,"minecraft:chest":1,"beachparty:pool_noodle":1,"minecraft:egg":3,"divinerpg:crab_claw":1,"minecraft:raw_iron":64,"regions_unexplored:ash_vent":2,"divinerpg:terran_shards":20,"minecraft:redstone":7,"regions_unexplored:silt_grass_block":2,"minecraft:arrow":14,"regions_unexplored:mauve_sapling":1,"regions_unexplored:redstone_bulb":1,"regions_unexplored:maple_sapling":1,"divinerpg:raw_realmite":27,"minecraft:hay_block":35,"minecraft:gold_ingot":2,"minecraft:mutton":6,"minecraft:white_wool":29,"minecraft:oxeye_daisy":3,"regions_unexplored:maple_fence":5,"regions_unexplored:hanging_prismarite":7,"minecraft:leather":13,"minecraft:red_mushroom":7,"minecraft:birch_planks":62,"divinerpg:plank_design":35,"regions_unexplored:red_maple_sapling":4,"minecraft:gunpowder":2,"regions_unexplored:salmon_poppy_bush":1,"beachparty:beach_hat":1,"regions_unexplored:large_prismarite_cluster":4,"regions_unexplored:maple_door":8,"mcwbridges:balustrade_cobblestone_bridge":1,"minecraft:apple":1,"minecraft:stone_bricks":19,"minecraft:iron_ingot":65,"tombstone:bag_of_seeds":1,"minecraft:soul_sand":11,"regions_unexplored:orange_maple_leaf_pile":6,"minecraft:black_candle":12,"minecraft:birch_boat":3,"minecraft:pumpkin":1,"divinerpg:cyclops_eye_shards":2,"minecraft:dandelion":11,"minecraft:dripstone_block":1,"minecraft:gravel":102,"divinerpg:minibricks":140,"minecraft:spruce_sapling":7,"minecraft:spruce_log":16,"minecraft:white_bed":5,"divinerpg:ender_shards":2,"minecraft:dark_oak_fence_gate":1,"minecraft:spider_eye":2,"travelersbackpack:standard":1,"alexsmobs:raw_catfish":4,"regions_unexplored:fireweed":3,"minecraft:stone_axe":2,"tombstone:scroll_of_knowledge":1,"regions_unexplored:silver_birch_log":44,"regions_unexplored:maple_log":177,"tombstone:magic_scroll":2,"regions_unexplored:stripped_maple_log":1,"minecraft:coal":88,"minecraft:ender_pearl":4},"minecraft:crafted":{"hangglider:hang_glider":1,"mcwbridges:balustrade_cobblestone_bridge":1,"regions_unexplored:maple_planks":668,"minecraft:birch_boat":1,"mcwbridges:stone_bridge_pier":2,"minecraft:stone":494,"regions_unexplored:maple_stairs":60,"minecraft:diamond_shovel":1,"minecraft:bookshelf":1,"minecraft:cooked_mutton":5,"minecraft:glass":39,"vanillaplustools:iron_hammer":1,"minecraft:diamond_helmet":1,"minecraft:diamond_leggings":1,"divinerpg:terran_stone":1,"minecraft:chest":3,"regions_unexplored:maple_door":9,"divinerpg:arlemite_stabber":1,"minecraft:cauldron":4,"minecraft:crafting_table":6,"minecraft:spruce_planks":40,"minecraft:wooden_pickaxe":2,"travelersbackpack:standard":1,"divinerpg:realmite_shield":1,"regions_unexplored:hanging_prismarite":3,"divinerpg:plank_design":522,"minecraft:birch_planks":132,"minecraft:campfire":1,"regions_unexplored:prismaglass":2,"minecraft:stone_brick_stairs":16,"mca:rose_gold_ingot":32,"minecraft:iron_chestplate":1,"minecraft:paper":5,"minecraft:diamond_pickaxe":1,"minecraft:shield":1,"minecraft:stick":140,"minecraft:iron_ingot":49,"minecraft:iron_pickaxe":10,"minecraft:stone_sword":1,"minecraft:shears":1,"divinerpg:shuriken":8,"hangglider:glider_framework":1,"divinerpg:arlemite_shovel":1,"minecraft:cherry_planks":20,"divinerpg:realmite_boots":1,"regions_unexplored:spruce_shrub":1,"mcwbridges:stone_brick_bridge_stair":10,"minecraft:furnace":6,"mca:bouquet":3,"minecraft:bone_meal":45,"hangglider:glider_wing":2,"minecraft:glass_pane":64,"minecraft:flint_and_steel":1,"travelersbackpack:white_sleeping_bag":2,"regions_unexplored:mauve_planks":28,"minecraft:iron_axe":1,"divinerpg:realmite_ingot":27,"minecraft:iron_hoe":1,"minecraft:stone_pickaxe":1,"divinerpg:bacon":60,"minecraft:wheat":315,"minecraft:cooked_beef":76,"regions_unexplored:maple_branch":16,"travelersbackpack:backpack_tank":2,"divinerpg:realmite_axe":1,"minecraft:bucket":2,"regions_unexplored:large_prismarite_cluster":3,"minecraft:stone_axe":1,"minecraft:bread":87,"minecraft:air":17,"mca:rose_gold_dust":32,"minecraft:wooden_axe":1,"minecraft:iron_leggings":1,"minecraft:stonecutter":1,"minecraft:white_bed":4,"minecraft:torch":64,"minecraft:diamond_chestplate":1,"divinerpg:arlemite_ingot":3},"minecraft:killed":{"divinerpg:cave_crawler":5,"minecraft:spider":18,"minecraft:skeleton":17,"minecraft:chicken":2,"minecraft:pig":6,"minecraft:creeper":2,"minecraft:sheep":4,"divinerpg:king_crab":2,"minecraft:zombie":38,"alexsmobs:terrapin":6,"rpg_companions_tiny_dragons:tiny_dragon_06":1,"minecraft:cow":18,"divinerpg:aequorea":1,"divinerpg:cyclops":2,"alexsmobs:raccoon":1,"minecraft:horse":3,"divinerpg:kobblin":17,"minecraft:drowned":8,"alexsmobs:bison":8,"divinerpg:ender_spider":2,"divinerpg:pumpkin_spider":2,"alexsmobs:catfish":1,"divinerpg:miner":4,"alexsmobs:cockroach":1,"alexsmobs:crow":1,"minecraft:villager":2,"minecraft:enderman":4},"minecraft:dropped":{"minecraft:birch_planks":53,"minecraft:cooked_beef":35,"divinerpg:realmite_shield":1,"minecraft:dark_oak_sapling":1,"mca:bouquet":2,"minecraft:leather":3,"regions_unexplored:blue_bioshroom":2,"minecraft:flint":2,"divinerpg:livicia_sword":1,"regions_unexplored:red_maple_leaf_pile":5,"minecraft:dirt":24,"minecraft:dark_oak_fence":2,"regions_unexplored:large_prismarite_cluster":2,"minecraft:gold_nugget":7,"minecraft:bone_meal":30,"minecraft:sand":1,"regions_unexplored:prismarite_cluster":26,"regions_unexplored:maple_log":1,"minecraft:iron_pickaxe":1,"alexsmobs:raccoon_tail":1,"minecraft:white_wool":3,"minecraft:gold_ingot":2,"minecraft:bone":12,"minecraft:gravel":32,"minecraft:stone_axe":3,"minecraft:sugar_cane":18,"minecraft:cobbled_deepslate":47,"regions_unexplored:pink_bioshroom":1,"minecraft:rotten_flesh":18,"minecraft:azure_bluet":1,"minecraft:dark_oak_fence_gate":2,"regions_unexplored:silt_grass_block":2,"regions_unexplored:hanging_prismarite":9,"minecraft:leather_boots":2,"mca:book_infection":1,"beachparty:pool_noodle":1,"minecraft:glass":1,"minecraft:enchanted_book":4,"minecraft:iron_ingot":64,"regions_unexplored:tall_blue_bioshroom":1,"regions_unexplored:fireweed":3,"minecraft:wheat_seeds":20,"regions_unexplored:maple_shrub":1,"minecraft:bookshelf":1,"minecraft:dripstone_block":1,"minecraft:poisonous_potato":3,"divinerpg:realmite_axe":2,"regions_unexplored:red_maple_shrub":2,"minecraft:feather":2,"minecraft:cobblestone":62,"regions_unexplored:prismaglass":2,"beachparty:beach_hat":2,"minecraft:grass_block":6,"minecraft:golden_apple":1,"alexsmobs:raw_catfish":2,"regions_unexplored:daisy":3,"minecraft:stick":16,"minecraft:oxeye_daisy":1,"regions_unexplored:red_maple_sapling":1,"minecraft:black_candle":3,"tombstone:dust_of_vanishing":3,"minecraft:torch":4,"tombstone:grave_key":1,"minecraft:wooden_axe":2,"minecraft:cherry_planks":1,"beachparty:coconut_open":6,"regions_unexplored:poppy_bush":1,"regions_unexplored:spruce_shrub":1,"minecraft:trapped_chest":1,"mcwbridges:balustrade_cobblestone_bridge":1,"minecraft:dandelion":3,"minecraft:stone_brick_slab":1,"minecraft:redstone":7,"minecraft:anvil":2,"divinerpg:minibricks":1,"divinerpg:aqua_ball":2,"minecraft:stone_sword":3,"minecraft:chicken":2,"regions_unexplored:clover":10,"regions_unexplored:hyssop":3,"regions_unexplored:pink_lupine":1,"regions_unexplored:ash_vent":2,"minecraft:shroomlight":1,"minecraft:stone":3,"regions_unexplored:maple_leaf_pile":2,"minecraft:spider_eye":2,"minecraft:sandstone":1,"minecraft:wooden_pickaxe":2,"minecraft:raw_gold":1,"regions_unexplored:orange_maple_leaf_pile":6},"minecraft:custom":{"minecraft:animals_bred":13,"minecraft:interact_with_crafting_table":144,"minecraft:open_barrel":4,"minecraft:leave_game":12,"minecraft:time_since_death":873117,"minecraft:sprint_one_cm":1551728,"minecraft:damage_blocked_by_shield":2515,"minecraft:drop":253,"minecraft:talked_to_villager":30,"minecraft:play_time":913892,"minecraft:deaths":2,"minecraft:jump":17525,"minecraft:walk_on_water_one_cm":189344,"minecraft:enchant_item":19,"minecraft:interact_with_furnace":184,"minecraft:play_record":2,"minecraft:interact_with_loom":1,"minecraft:sleep_in_bed":29,"minecraft:damage_dealt":37019,"minecraft:crouch_one_cm":187822,"tombstone:undead_killed":67,"tombstone:villager_killed":2,"minecraft:use_cauldron":2,"minecraft:interact_with_anvil":5,"minecraft:mob_kills":179,"tombstone:use_vanishing":5,"minecraft:fill_cauldron":1,"minecraft:climb_one_cm":506,"minecraft:walk_one_cm":1947429,"minecraft:sneak_time":55945,"minecraft:walk_under_water_one_cm":156059,"minecraft:boat_one_cm":43793,"minecraft:total_world_time":913892,"minecraft:interact_with_grindstone":14,"minecraft:interact_with_stonecutter":35,"minecraft:time_since_rest":35335,"minecraft:damage_taken":6083,"minecraft:swim_one_cm":213386,"minecraft:fly_one_cm":6205894,"minecraft:open_chest":320,"minecraft:fall_one_cm":360945},"minecraft:used":{"regions_unexplored:pink_lupine":1,"minecraft:moss_carpet":1,"regions_unexplored:maple_door":16,"minecraft:shield":14,"minecraft:chest":7,"minecraft:stone":18,"beachparty:sweetberries_cocktail":3,"minecraft:mutton":1,"regions_unexplored:mauve_sapling":1,"regions_unexplored:prismarite_cluster":16,"minecraft:obsidian":19,"regions_unexplored:orange_maple_sapling":4,"minecraft:lava_bucket":35,"divinerpg:realmite_boots":1,"minecraft:villager_spawn_egg":2,"minecraft:grass_block":298,"regions_unexplored:salmon_poppy_bush":1,"minecraft:green_wool":1,"regions_unexplored:maple_sapling":1,"minecraft:stone_brick_stairs":70,"minecraft:stone_bricks":45,"regions_unexplored:blue_bioshroom":2,"minecraft:bow":1,"divinerpg:livicia_sword":1,"minecraft:furnace":10,"travelersbackpack:purple_sleeping_bag":1,"minecraft:egg":3,"minecraft:potato":112,"beachparty:beach_towel":1,"regions_unexplored:spruce_shrub":1,"divinerpg:realmite_axe":231,"minecraft:diamond_boots":1,"mcwbridges:stone_bridge_pier":2,"regions_unexplored:redstone_bulb":1,"minecraft:stone_pickaxe":139,"regions_unexplored:large_prismarite_cluster":11,"regions_unexplored:red_maple_shrub":2,"minecraft:wooden_pickaxe":8,"minecraft:sandstone":2,"minecraft:composter":5,"minecraft:sugar_cane":68,"minecraft:diamond_axe":55,"minecraft:sand":3,"mca:female_villager_spawn_egg":2,"tombstone:dust_of_vanishing":5,"beachparty:beachparty_banner":3,"regions_unexplored:pink_bioshroom":2,"regions_unexplored:maple_branch":1,"mcwbridges:iron_bridge_stair":11,"minecraft:string":1,"minecraft:bread":120,"minecraft:gravel":70,"minecraft:lilac":1,"regions_unexplored:maple_stairs":61,"beachparty:radio":1,"beachparty:hooded_beach_chair":2,"minecraft:grindstone":4,"minecraft:dark_oak_fence":79,"regions_unexplored:red_maple_sapling":4,"minecraft:bone_meal":16,"divinerpg:bacon":32,"minecraft:stone_sword":95,"minecraft:enchanting_table":2,"divinerpg:arlemite_shovel":269,"minecraft:flint_and_steel":12,"beachparty:music_disc_caribbean_beach":1,"regions_unexplored:maple_leaf_pile":14,"regions_unexplored:maple_planks":91,"minecraft:torch":130,"minecraft:dirt":887,"minecraft:anvil":3,"minecraft:diamond_helmet":2,"minecraft:shroomlight":23,"minecraft:iron_hoe":40,"minecraft:stone_brick_slab":11,"minecraft:wooden_axe":19,"minecraft:bookshelf":38,"beachparty:music_disc_beachparty":1,"regions_unexplored:maple_fence":5,"minecraft:iron_axe":110,"minecraft:diamond_chestplate":3,"tombstone:gift":27,"mcwbridges:andesite_bridge_stair":1,"minecraft:cooked_beef":50,"minecraft:pumpkin":1,"regions_unexplored:tall_blue_bioshroom":7,"minecraft:pointed_dripstone":9,"minecraft:wheat_seeds":35,"minecraft:cooked_mutton":5,"minecraft:water_bucket":97,"tombstone:scroll_of_knowledge":4,"beachparty:palm_door":2,"minecraft:birch_planks":37,"beachparty:melon_cocktail":1,"divinerpg:plank_design":536,"divinerpg:realmite_shield":59,"minecraft:birch_boat":4,"minecraft:cherry_planks":1,"minecraft:cauldron":9,"minecraft:sheep_spawn_egg":2,"minecraft:stonecutter":1,"minecraft:cobblestone_slab":1,"mcwbridges:balustrade_cobblestone_bridge":1,"minecraft:mossy_cobblestone":2,"minecraft:crafting_table":18,"divinerpg:arlemite_stabber":574,"beachparty:beach_parasol":3,"minecraft:white_bed":9,"minecraft:campfire":1,"minecraft:dark_oak_fence_gate":18,"divinerpg:smooth_glass":1,"tombstone:bag_of_seeds":1,"mcwbridges:stone_brick_bridge_stair":36,"minecraft:diamond_pickaxe":788,"minecraft:oxeye_daisy":1,"minecraft:diamond_shovel":9,"minecraft:iron_pickaxe":185,"travelersbackpack:white_sleeping_bag":12,"beachparty:palm_cabinet":2,"minecraft:spruce_sapling":6,"minecraft:stone_axe":76,"minecraft:pink_petals":5,"beachparty:floaty_boat":1,"vanillaplustools:iron_hammer":13,"minecraft:cobblestone":4,"minecraft:purple_bed":1,"travelersbackpack:standard":5,"divinerpg:minibricks":1089,"minecraft:bucket":118,"regions_unexplored:maple_log":13,"minecraft:diamond_leggings":2,"divinerpg:shuriken":8,"minecraft:jukebox":1}},"DataVersion":3465}