{"stats":{"minecraft:mined":{"minecraft:white_bed":3,"minecraft:mossy_cobblestone":2,"minecraft:cherry_log":5,"minecraft:powder_snow":2,"minecraft:crafting_table":7,"regions_unexplored:salmon_poppy_bush":1,"minecraft:grass_block":4,"regions_unexplored:poppy_bush":3,"minecraft:cobblestone":5,"minecraft:tall_grass":5,"minecraft:hay_block":20,"minecraft:pink_petals":4,"minecraft:birch_planks":7,"minecraft:furnace":2,"minecraft:iron_ore":13,"minecraft:bee_nest":1,"regions_unexplored:silver_birch_leaves":1,"minecraft:grass":15,"minecraft:coal_ore":5,"minecraft:cobblestone_slab":1,"regions_unexplored:silver_birch_log":33,"minecraft:black_candle":3,"rpg_companions_tiny_dragons:skeleton":1,"regions_unexplored:medium_grass":4,"minecraft:stone":28,"regions_unexplored:maple_shrub":1,"minecraft:oak_leaves":4},"minecraft:picked_up":{"minecraft:wooden_axe":1,"minecraft:pink_petals":5,"minecraft:crafting_table":6,"minecraft:feather":2,"minecraft:azure_bluet":1,"minecraft:chicken":2,"minecraft:cherry_planks":1,"minecraft:leather":5,"minecraft:wooden_pickaxe":1,"minecraft:birch_planks":7,"minecraft:flint":1,"regions_unexplored:salmon_poppy_bush":1,"minecraft:string":1,"minecraft:dirt":14,"minecraft:moss_carpet":1,"regions_unexplored:poppy_bush":1,"minecraft:wheat_seeds":5,"regions_unexplored:maple_shrub":1,"minecraft:beef":21,"minecraft:cobblestone_slab":1,"alexsmobs:raccoon_tail":1,"minecraft:egg":1,"minecraft:furnace":2,"minecraft:stick":1,"minecraft:raw_iron":13,"minecraft:black_candle":3,"divinerpg:terran_shards":4,"minecraft:porkchop":7,"minecraft:cherry_log":5,"minecraft:white_bed":3,"divinerpg:aquatic_pellets":2,"minecraft:mossy_cobblestone":2,"minecraft:spider_eye":1,"minecraft:stone_axe":1,"regions_unexplored:silver_birch_log":33,"minecraft:hay_block":20,"minecraft:green_wool":1,"minecraft:mutton":6,"minecraft:coal":5,"minecraft:white_wool":4,"minecraft:cobblestone":32},"minecraft:killed":{"minecraft:pig":4,"alexsmobs:raccoon":1,"minecraft:spider":1,"minecraft:horse":1,"minecraft:sheep":4,"minecraft:zombie":1,"minecraft:chicken":2,"divinerpg:kobblin":3,"alexsmobs:bison":1,"alexsmobs:crow":1,"minecraft:cow":9},"minecraft:crafted":{"minecraft:cooked_beef":3,"minecraft:cherry_planks":20,"minecraft:crafting_table":3,"minecraft:wooden_pickaxe":2,"minecraft:furnace":1,"minecraft:bucket":1,"minecraft:birch_planks":132,"hangglider:glider_wing":1,"minecraft:stone_axe":1,"minecraft:bread":60,"minecraft:cooked_mutton":5,"minecraft:air":0,"travelersbackpack:white_sleeping_bag":1,"minecraft:shield":1,"minecraft:stick":20,"minecraft:iron_ingot":4,"minecraft:stone_pickaxe":1,"minecraft:wooden_axe":1,"minecraft:stone_sword":1,"minecraft:white_bed":1,"divinerpg:bacon":42,"minecraft:wheat":180},"minecraft:dropped":{"minecraft:stone_axe":1,"minecraft:wheat_seeds":5,"regions_unexplored:maple_shrub":1,"minecraft:azure_bluet":1,"tombstone:grave_key":1,"minecraft:wooden_axe":2,"minecraft:spider_eye":1,"minecraft:gold_nugget":7,"minecraft:wooden_pickaxe":2,"alexsmobs:raccoon_tail":1},"minecraft:used":{"minecraft:water_bucket":4,"divinerpg:bacon":32,"minecraft:cooked_mutton":5,"minecraft:moss_carpet":1,"minecraft:stone_sword":59,"minecraft:birch_planks":19,"minecraft:stone_pickaxe":51,"minecraft:wooden_pickaxe":8,"minecraft:cherry_planks":1,"minecraft:cobblestone_slab":1,"minecraft:mossy_cobblestone":2,"minecraft:dirt":2,"minecraft:mutton":1,"minecraft:crafting_table":8,"minecraft:white_bed":3,"minecraft:wooden_axe":19,"regions_unexplored:salmon_poppy_bush":1,"minecraft:bread":2,"minecraft:green_wool":1,"minecraft:stone_axe":51,"minecraft:pink_petals":5,"minecraft:furnace":2,"minecraft:bucket":5,"minecraft:egg":1,"tombstone:gift":1,"minecraft:cooked_beef":3},"minecraft:custom":{"minecraft:interact_with_furnace":12,"minecraft:mob_kills":28,"minecraft:interact_with_crafting_table":15,"minecraft:open_barrel":1,"minecraft:leave_game":2,"minecraft:time_since_death":10361,"minecraft:sleep_in_bed":1,"minecraft:climb_one_cm":32,"minecraft:time_since_rest":10386,"minecraft:sprint_one_cm":106525,"minecraft:damage_taken":1325,"minecraft:walk_one_cm":130777,"minecraft:drop":16,"minecraft:damage_dealt":3382,"minecraft:swim_one_cm":7709,"minecraft:fly_one_cm":280573,"minecraft:open_chest":6,"minecraft:crouch_one_cm":2164,"minecraft:play_time":51136,"tombstone:undead_killed":1,"minecraft:deaths":2,"minecraft:sneak_time":881,"minecraft:walk_under_water_one_cm":2894,"minecraft:jump":1606,"minecraft:walk_on_water_one_cm":9599,"minecraft:total_world_time":51136,"minecraft:fall_one_cm":49756}},"DataVersion":3465}