{"stats":{"minecraft:mined":{"minecraft:pink_petals":4,"minecraft:grass":3,"minecraft:grass_block":1,"regions_unexplored:poppy_bush":3,"regions_unexplored:silver_birch_log":8,"regions_unexplored:medium_grass":4,"minecraft:cherry_log":5,"minecraft:crafting_table":1,"regions_unexplored:salmon_poppy_bush":1},"minecraft:picked_up":{"regions_unexplored:poppy_bush":1,"minecraft:pink_petals":5,"minecraft:crafting_table":1,"regions_unexplored:silver_birch_log":8,"minecraft:cherry_log":5,"regions_unexplored:salmon_poppy_bush":1,"divinerpg:aquatic_pellets":2,"minecraft:dirt":1,"minecraft:moss_carpet":1},"minecraft:crafted":{"minecraft:cherry_planks":20,"minecraft:crafting_table":2,"minecraft:stick":8,"minecraft:wooden_pickaxe":1},"minecraft:dropped":{"tombstone:grave_key":1},"minecraft:used":{"minecraft:pink_petals":5,"minecraft:dirt":1,"minecraft:crafting_table":2,"tombstone:gift":1,"minecraft:cherry_planks":1,"minecraft:moss_carpet":1},"minecraft:custom":{"minecraft:time_since_rest":3141,"minecraft:play_time":15136,"minecraft:sprint_one_cm":17011,"minecraft:damage_taken":255,"minecraft:walk_one_cm":41320,"minecraft:deaths":1,"minecraft:walk_under_water_one_cm":851,"minecraft:drop":1,"minecraft:jump":368,"minecraft:damage_dealt":10,"minecraft:leave_game":2,"minecraft:time_since_death":3116,"minecraft:walk_on_water_one_cm":6960,"minecraft:total_world_time":15136,"minecraft:swim_one_cm":6886,"minecraft:interact_with_crafting_table":3,"minecraft:fall_one_cm":12077,"minecraft:fly_one_cm":59687}},"DataVersion":3465}