{"stats":{"minecraft:mined":{"minecraft:white_bed":5,"minecraft:mossy_cobblestone":2,"minecraft:deepslate_diamond_ore":23,"minecraft:cherry_log":5,"divinerpg:arlemite_ore_deepslate":3,"divinerpg:realmite_ore":27,"minecraft:obsidian":11,"regions_unexplored:hanging_prismarite":3,"minecraft:grass_block":6,"regions_unexplored:poppy_bush":3,"travelersbackpack:white_sleeping_bag":4,"regions_unexplored:large_prismarite_cluster":7,"minecraft:hay_block":20,"minecraft:furnace":3,"minecraft:iron_ore":47,"regions_unexplored:silver_birch_leaves":1,"minecraft:pointed_dripstone":5,"minecraft:deepslate_iron_ore":12,"minecraft:cobblestone_slab":1,"minecraft:black_candle":3,"regions_unexplored:ash_vent":2,"regions_unexplored:medium_grass":6,"minecraft:stone":72,"minecraft:powder_snow":2,"minecraft:crafting_table":11,"minecraft:torch":12,"regions_unexplored:salmon_poppy_bush":1,"minecraft:tall_grass":5,"minecraft:cobblestone":5,"regions_unexplored:mauve_log":1,"minecraft:wall_torch":6,"regions_unexplored:prismarite_cluster":50,"minecraft:pink_petals":4,"minecraft:birch_planks":8,"regions_unexplored:hyssop":1,"minecraft:bee_nest":1,"minecraft:grass":20,"minecraft:coal_ore":50,"regions_unexplored:silver_birch_log":33,"minecraft:gravel":36,"minecraft:sand":11,"minecraft:dirt":1,"rpg_companions_tiny_dragons:skeleton":1,"regions_unexplored:maple_shrub":1,"regions_unexplored:prismoss_sprout":11,"minecraft:oak_leaves":4,"minecraft:deepslate":77,"regions_unexplored:fireweed":1},"minecraft:picked_up":{"minecraft:wooden_axe":1,"minecraft:crafting_table":11,"minecraft:azure_bluet":1,"minecraft:chicken":2,"minecraft:wooden_pickaxe":1,"minecraft:enchanted_book":2,"minecraft:string":3,"regions_unexplored:prismarite_cluster":52,"regions_unexplored:poppy_bush":1,"minecraft:moss_carpet":1,"minecraft:cobbled_deepslate":47,"regions_unexplored:maple_shrub":1,"minecraft:beef":21,"minecraft:cobblestone_slab":1,"divinerpg:raw_arlemite":3,"alexsmobs:raccoon_tail":1,"minecraft:furnace":3,"minecraft:egg":1,"minecraft:raw_iron":58,"minecraft:stick":3,"regions_unexplored:ash_vent":2,"minecraft:torch":18,"divinerpg:terran_shards":6,"minecraft:porkchop":10,"minecraft:cherry_log":5,"tombstone:grave_dust":2,"minecraft:pointed_dripstone":8,"minecraft:redstone":7,"minecraft:stone_sword":2,"minecraft:arrow":2,"minecraft:rotten_flesh":6,"regions_unexplored:redstone_bulb":1,"divinerpg:raw_realmite":27,"minecraft:hay_block":20,"minecraft:green_wool":1,"minecraft:obsidian":10,"minecraft:mutton":6,"minecraft:cobblestone":73,"minecraft:white_wool":4,"minecraft:pink_petals":5,"minecraft:feather":2,"regions_unexplored:hanging_prismarite":7,"minecraft:cherry_planks":1,"minecraft:leather":6,"minecraft:birch_planks":8,"minecraft:flint":1,"regions_unexplored:salmon_poppy_bush":1,"minecraft:dirt":17,"minecraft:leather_boots":1,"regions_unexplored:large_prismarite_cluster":3,"minecraft:bone":5,"minecraft:wheat_seeds":5,"tombstone:bag_of_seeds":1,"divinerpg:realmite_shield":1,"minecraft:black_candle":3,"minecraft:gravel":96,"minecraft:sand":11,"minecraft:white_bed":5,"minecraft:spider_eye":1,"divinerpg:aquatic_pellets":2,"regions_unexplored:pink_lupine":2,"minecraft:mossy_cobblestone":2,"travelersbackpack:white_sleeping_bag":4,"regions_unexplored:fireweed":2,"minecraft:diamond":23,"minecraft:stone_axe":1,"regions_unexplored:silver_birch_log":33,"regions_unexplored:clover":8,"minecraft:coal":50},"minecraft:killed":{"alexsmobs:raccoon":1,"minecraft:spider":2,"minecraft:horse":3,"minecraft:skeleton":6,"minecraft:chicken":2,"divinerpg:kobblin":6,"alexsmobs:bison":1,"minecraft:pig":6,"minecraft:sheep":4,"minecraft:zombie":8,"alexsmobs:terrapin":1,"alexsmobs:crow":1,"minecraft:cow":9},"minecraft:broken":{"minecraft:stone_pickaxe":1},"minecraft:crafted":{"minecraft:cherry_planks":20,"divinerpg:realmite_boots":1,"minecraft:furnace":2,"hangglider:glider_wing":1,"minecraft:cooked_mutton":5,"minecraft:glass":11,"travelersbackpack:white_sleeping_bag":1,"minecraft:diamond_helmet":1,"minecraft:diamond_leggings":1,"divinerpg:realmite_ingot":27,"minecraft:stone_pickaxe":1,"divinerpg:bacon":60,"divinerpg:arlemite_stabber":1,"minecraft:wheat":180,"minecraft:cooked_beef":3,"minecraft:crafting_table":4,"travelersbackpack:backpack_tank":1,"minecraft:wooden_pickaxe":2,"divinerpg:realmite_shield":1,"minecraft:bucket":1,"minecraft:birch_planks":132,"minecraft:stone_axe":1,"minecraft:air":0,"minecraft:bread":60,"minecraft:diamond_pickaxe":1,"minecraft:shield":1,"minecraft:stick":36,"minecraft:iron_ingot":30,"minecraft:iron_pickaxe":1,"minecraft:wooden_axe":1,"minecraft:stone_sword":1,"minecraft:white_bed":1,"minecraft:torch":24,"minecraft:diamond_chestplate":1,"divinerpg:arlemite_ingot":3},"minecraft:dropped":{"minecraft:enchanted_book":3,"regions_unexplored:fireweed":2,"minecraft:birch_planks":3,"minecraft:wheat_seeds":5,"regions_unexplored:maple_shrub":1,"divinerpg:realmite_shield":1,"minecraft:feather":2,"minecraft:flint":1,"minecraft:stick":8,"minecraft:dirt":14,"minecraft:black_candle":3,"tombstone:grave_key":1,"minecraft:wooden_axe":2,"minecraft:cherry_planks":1,"minecraft:gold_nugget":7,"regions_unexplored:prismarite_cluster":3,"regions_unexplored:poppy_bush":1,"minecraft:iron_pickaxe":1,"alexsmobs:raccoon_tail":1,"minecraft:redstone":7,"minecraft:stone_axe":1,"minecraft:stone_sword":3,"minecraft:cobbled_deepslate":47,"minecraft:rotten_flesh":6,"regions_unexplored:clover":8,"minecraft:azure_bluet":1,"regions_unexplored:pink_lupine":1,"regions_unexplored:ash_vent":2,"regions_unexplored:hanging_prismarite":7,"minecraft:leather_boots":2,"minecraft:spider_eye":1,"minecraft:wooden_pickaxe":2},"minecraft:used":{"regions_unexplored:pink_lupine":1,"divinerpg:bacon":32,"minecraft:moss_carpet":1,"minecraft:stone_sword":95,"minecraft:shield":12,"minecraft:torch":27,"minecraft:dirt":3,"minecraft:mutton":1,"minecraft:diamond_helmet":1,"regions_unexplored:prismarite_cluster":3,"minecraft:obsidian":10,"minecraft:wooden_axe":19,"divinerpg:realmite_boots":1,"regions_unexplored:salmon_poppy_bush":1,"minecraft:green_wool":1,"minecraft:diamond_chestplate":1,"minecraft:furnace":5,"tombstone:gift":3,"minecraft:egg":1,"minecraft:cooked_beef":3,"minecraft:cooked_mutton":5,"minecraft:water_bucket":36,"regions_unexplored:redstone_bulb":1,"minecraft:birch_planks":35,"minecraft:stone_pickaxe":139,"regions_unexplored:large_prismarite_cluster":3,"minecraft:wooden_pickaxe":8,"minecraft:cherry_planks":1,"minecraft:cobblestone_slab":1,"minecraft:mossy_cobblestone":2,"minecraft:crafting_table":14,"divinerpg:arlemite_stabber":131,"minecraft:white_bed":6,"tombstone:bag_of_seeds":1,"minecraft:diamond_pickaxe":20,"minecraft:bread":34,"minecraft:iron_pickaxe":185,"travelersbackpack:white_sleeping_bag":4,"minecraft:gravel":67,"minecraft:stone_axe":60,"minecraft:pink_petals":5,"minecraft:bucket":37,"minecraft:diamond_leggings":1},"minecraft:custom":{"minecraft:mob_kills":50,"minecraft:interact_with_crafting_table":46,"minecraft:open_barrel":4,"minecraft:leave_game":2,"minecraft:time_since_death":88361,"minecraft:climb_one_cm":32,"minecraft:sprint_one_cm":231895,"minecraft:walk_one_cm":259096,"minecraft:damage_blocked_by_shield":465,"minecraft:drop":93,"minecraft:play_time":129136,"minecraft:deaths":2,"minecraft:sneak_time":9230,"minecraft:walk_under_water_one_cm":32204,"minecraft:jump":3642,"minecraft:walk_on_water_one_cm":36048,"minecraft:total_world_time":129136,"minecraft:interact_with_furnace":32,"minecraft:interact_with_loom":1,"minecraft:interact_with_grindstone":1,"minecraft:sleep_in_bed":7,"minecraft:time_since_rest":16655,"minecraft:damage_taken":2405,"minecraft:damage_dealt":7771,"minecraft:swim_one_cm":30776,"minecraft:fly_one_cm":625908,"minecraft:open_chest":11,"minecraft:crouch_one_cm":21094,"tombstone:undead_killed":14,"minecraft:fall_one_cm":123207}},"DataVersion":3465}