{"stats":{"minecraft:mined":{"minecraft:white_bed":5,"minecraft:mossy_cobblestone":2,"minecraft:cherry_log":5,"minecraft:grass_block":6,"regions_unexplored:poppy_bush":3,"regions_unexplored:large_prismarite_cluster":1,"minecraft:hay_block":20,"minecraft:furnace":3,"minecraft:iron_ore":33,"regions_unexplored:silver_birch_leaves":1,"minecraft:pointed_dripstone":5,"minecraft:cobblestone_slab":1,"minecraft:black_candle":3,"regions_unexplored:medium_grass":4,"minecraft:stone":51,"minecraft:powder_snow":2,"minecraft:crafting_table":8,"regions_unexplored:salmon_poppy_bush":1,"minecraft:tall_grass":5,"minecraft:cobblestone":5,"regions_unexplored:prismarite_cluster":5,"minecraft:pink_petals":4,"minecraft:birch_planks":7,"minecraft:bee_nest":1,"minecraft:grass":15,"minecraft:coal_ore":32,"regions_unexplored:silver_birch_log":33,"minecraft:sand":11,"minecraft:dirt":1,"rpg_companions_tiny_dragons:skeleton":1,"regions_unexplored:maple_shrub":1,"regions_unexplored:prismoss_sprout":2,"minecraft:oak_leaves":4},"minecraft:picked_up":{"minecraft:wooden_axe":1,"minecraft:crafting_table":8,"minecraft:azure_bluet":1,"minecraft:chicken":2,"minecraft:wooden_pickaxe":1,"minecraft:string":1,"regions_unexplored:prismarite_cluster":5,"regions_unexplored:poppy_bush":1,"minecraft:moss_carpet":1,"regions_unexplored:maple_shrub":1,"minecraft:beef":21,"minecraft:cobblestone_slab":1,"alexsmobs:raccoon_tail":1,"minecraft:furnace":3,"minecraft:egg":1,"minecraft:raw_iron":32,"minecraft:stick":1,"divinerpg:terran_shards":4,"minecraft:porkchop":10,"minecraft:cherry_log":5,"tombstone:grave_dust":2,"minecraft:pointed_dripstone":8,"minecraft:redstone":7,"minecraft:rotten_flesh":2,"regions_unexplored:redstone_bulb":1,"minecraft:hay_block":20,"minecraft:green_wool":1,"minecraft:mutton":6,"minecraft:cobblestone":53,"minecraft:white_wool":4,"minecraft:pink_petals":5,"minecraft:feather":2,"minecraft:cherry_planks":1,"minecraft:leather":5,"minecraft:birch_planks":7,"minecraft:flint":1,"regions_unexplored:salmon_poppy_bush":1,"minecraft:dirt":17,"regions_unexplored:large_prismarite_cluster":1,"minecraft:wheat_seeds":5,"tombstone:bag_of_seeds":1,"minecraft:black_candle":3,"minecraft:sand":11,"minecraft:white_bed":5,"minecraft:spider_eye":1,"divinerpg:aquatic_pellets":2,"regions_unexplored:pink_lupine":2,"minecraft:mossy_cobblestone":2,"minecraft:stone_axe":1,"regions_unexplored:silver_birch_log":33,"regions_unexplored:clover":8,"minecraft:coal":32},"minecraft:killed":{"alexsmobs:raccoon":1,"minecraft:spider":1,"minecraft:horse":1,"minecraft:skeleton":1,"minecraft:chicken":2,"divinerpg:kobblin":3,"alexsmobs:bison":1,"minecraft:pig":6,"minecraft:sheep":4,"minecraft:zombie":3,"alexsmobs:terrapin":1,"alexsmobs:crow":1,"minecraft:cow":9},"minecraft:crafted":{"minecraft:cherry_planks":20,"minecraft:furnace":1,"hangglider:glider_wing":1,"minecraft:cooked_mutton":5,"minecraft:glass":11,"travelersbackpack:white_sleeping_bag":1,"minecraft:stone_pickaxe":1,"divinerpg:bacon":60,"minecraft:wheat":180,"minecraft:cooked_beef":3,"minecraft:crafting_table":3,"travelersbackpack:backpack_tank":1,"minecraft:wooden_pickaxe":2,"minecraft:bucket":1,"minecraft:birch_planks":132,"minecraft:stone_axe":1,"minecraft:air":0,"minecraft:bread":60,"minecraft:shield":1,"minecraft:stick":24,"minecraft:iron_ingot":14,"minecraft:wooden_axe":1,"minecraft:stone_sword":1,"minecraft:white_bed":1,"minecraft:torch":8},"minecraft:dropped":{"minecraft:wheat_seeds":5,"regions_unexplored:maple_shrub":1,"minecraft:feather":2,"minecraft:stick":3,"minecraft:dirt":14,"tombstone:grave_key":1,"minecraft:wooden_axe":2,"minecraft:cherry_planks":1,"minecraft:gold_nugget":7,"regions_unexplored:prismarite_cluster":3,"regions_unexplored:poppy_bush":1,"alexsmobs:raccoon_tail":1,"minecraft:redstone":5,"minecraft:stone_axe":1,"minecraft:rotten_flesh":2,"regions_unexplored:clover":8,"minecraft:azure_bluet":1,"regions_unexplored:pink_lupine":1,"minecraft:spider_eye":1,"minecraft:wooden_pickaxe":2},"minecraft:used":{"regions_unexplored:pink_lupine":1,"divinerpg:bacon":32,"minecraft:moss_carpet":1,"minecraft:stone_sword":78,"minecraft:shield":4,"minecraft:torch":4,"minecraft:dirt":3,"minecraft:mutton":1,"regions_unexplored:prismarite_cluster":2,"minecraft:wooden_axe":19,"regions_unexplored:salmon_poppy_bush":1,"minecraft:green_wool":1,"minecraft:furnace":4,"tombstone:gift":2,"minecraft:egg":1,"minecraft:cooked_beef":3,"minecraft:cooked_mutton":5,"minecraft:water_bucket":14,"regions_unexplored:redstone_bulb":1,"minecraft:birch_planks":19,"minecraft:stone_pickaxe":134,"regions_unexplored:large_prismarite_cluster":1,"minecraft:wooden_pickaxe":8,"minecraft:cherry_planks":1,"minecraft:cobblestone_slab":1,"minecraft:mossy_cobblestone":2,"minecraft:crafting_table":10,"minecraft:white_bed":6,"tombstone:bag_of_seeds":1,"minecraft:bread":9,"minecraft:stone_axe":52,"minecraft:pink_petals":5,"minecraft:bucket":15},"minecraft:custom":{"minecraft:mob_kills":34,"minecraft:interact_with_crafting_table":29,"minecraft:open_barrel":1,"minecraft:leave_game":2,"minecraft:time_since_death":34361,"minecraft:climb_one_cm":32,"minecraft:sprint_one_cm":156380,"minecraft:walk_one_cm":174250,"minecraft:damage_blocked_by_shield":115,"minecraft:drop":37,"minecraft:play_time":75136,"minecraft:deaths":2,"minecraft:sneak_time":2027,"minecraft:walk_under_water_one_cm":10942,"minecraft:jump":2278,"minecraft:walk_on_water_one_cm":19622,"minecraft:total_world_time":75136,"minecraft:interact_with_furnace":20,"minecraft:sleep_in_bed":3,"minecraft:time_since_rest":7665,"minecraft:damage_taken":1510,"minecraft:damage_dealt":4213,"minecraft:swim_one_cm":22592,"minecraft:fly_one_cm":405779,"minecraft:open_chest":6,"minecraft:crouch_one_cm":5041,"tombstone:undead_killed":4,"minecraft:fall_one_cm":76508}},"DataVersion":3465}