{"stats":{"minecraft:mined":{"minecraft:white_bed":5,"regions_unexplored:maple_log":166,"minecraft:cherry_log":5,"minecraft:obsidian":20,"divinerpg:realmite_ore":27,"regions_unexplored:red_maple_shrub":3,"regions_unexplored:hanging_prismarite":3,"minecraft:grass_block":167,"minecraft:iron_ore":53,"minecraft:fire":2,"minecraft:pumpkin":1,"regions_unexplored:maple_stairs":5,"regions_unexplored:silver_birch_leaves":4,"minecraft:pointed_dripstone":5,"minecraft:black_candle":3,"regions_unexplored:maple_branch":1,"minecraft:powder_snow":2,"regions_unexplored:stripped_maple_log":1,"minecraft:torch":29,"minecraft:chest":1,"minecraft:cobblestone":5,"minecraft:sugar_cane":34,"minecraft:wall_torch":6,"minecraft:pink_petals":4,"regions_unexplored:hyssop":4,"minecraft:lilac":1,"minecraft:grass":124,"minecraft:sand":42,"minecraft:dirt":26,"rpg_companions_tiny_dragons:skeleton":1,"regions_unexplored:prismoss_sprout":11,"minecraft:oak_leaves":4,"minecraft:deepslate":77,"regions_unexplored:fireweed":1,"regions_unexplored:spruce_shrub":1,"minecraft:mossy_cobblestone":2,"minecraft:deepslate_diamond_ore":23,"divinerpg:arlemite_ore_deepslate":3,"regions_unexplored:poppy_bush":3,"travelersbackpack:white_sleeping_bag":8,"regions_unexplored:maple_leaves":5,"minecraft:spruce_leaves":16,"mcwbridges:balustrade_cobblestone_bridge":1,"regions_unexplored:large_prismarite_cluster":7,"minecraft:hay_block":20,"divinerpg:plank_design":28,"minecraft:furnace":4,"regions_unexplored:orange_maple_leaves":5,"minecraft:cobblestone_slab":1,"minecraft:deepslate_iron_ore":12,"regions_unexplored:red_maple_leaves":4,"regions_unexplored:ash_vent":2,"regions_unexplored:medium_grass":9,"regions_unexplored:orange_maple_leaf_pile":1,"minecraft:stone":546,"divinerpg:minibricks":7,"minecraft:dandelion":2,"travelersbackpack:standard":1,"minecraft:crafting_table":14,"regions_unexplored:salmon_poppy_bush":1,"minecraft:tall_grass":12,"regions_unexplored:mauve_log":8,"regions_unexplored:daisy":1,"regions_unexplored:prismarite_cluster":50,"minecraft:birch_planks":12,"regions_unexplored:orange_maple_sapling":2,"minecraft:spruce_log":6,"minecraft:bee_nest":1,"regions_unexplored:red_maple_leaf_pile":2,"minecraft:coal_ore":80,"regions_unexplored:silver_birch_log":44,"minecraft:gravel":51,"minecraft:dripstone_block":1,"regions_unexplored:maple_shrub":1},"minecraft:picked_up":{"minecraft:wooden_axe":1,"minecraft:enchanted_book":2,"regions_unexplored:prismarite_cluster":52,"minecraft:string":16,"minecraft:cobbled_deepslate":47,"regions_unexplored:maple_shrub":1,"minecraft:cobblestone_slab":1,"divinerpg:raw_arlemite":3,"alexsmobs:raccoon_tail":1,"minecraft:furnace":4,"minecraft:stick":39,"minecraft:torch":37,"minecraft:porkchop":10,"minecraft:cherry_log":5,"minecraft:pointed_dripstone":8,"tombstone:grave_dust":9,"minecraft:stone_sword":2,"minecraft:rotten_flesh":12,"regions_unexplored:mauve_log":7,"minecraft:green_wool":1,"minecraft:obsidian":19,"minecraft:cobblestone":598,"minecraft:pink_petals":5,"minecraft:feather":2,"minecraft:lilac":1,"minecraft:cherry_planks":1,"divinerpg:realmite_axe":1,"alexsmobs:bison_fur":2,"minecraft:flint":3,"minecraft:dirt":276,"minecraft:leather_boots":1,"minecraft:bone":27,"minecraft:bow":1,"regions_unexplored:red_maple_shrub":2,"minecraft:wheat_seeds":19,"regions_unexplored:maple_stairs":5,"divinerpg:realmite_shield":1,"divinerpg:realmite_ingot":2,"minecraft:sand":42,"divinerpg:aquatic_pellets":2,"regions_unexplored:pink_lupine":2,"minecraft:mossy_cobblestone":2,"travelersbackpack:white_sleeping_bag":8,"minecraft:diamond":23,"regions_unexplored:clover":8,"minecraft:crafting_table":14,"minecraft:azure_bluet":1,"minecraft:chicken":2,"minecraft:wooden_pickaxe":1,"regions_unexplored:red_maple_leaf_pile":5,"minecraft:moss_carpet":1,"regions_unexplored:poppy_bush":1,"divinerpg:aqua_ball":2,"regions_unexplored:spruce_shrub":1,"regions_unexplored:orange_maple_sapling":4,"regions_unexplored:maple_leaf_pile":16,"minecraft:beef":76,"minecraft:sugar_cane":48,"minecraft:chest":1,"minecraft:egg":1,"minecraft:raw_iron":64,"regions_unexplored:ash_vent":2,"divinerpg:terran_shards":17,"minecraft:redstone":7,"regions_unexplored:silt_grass_block":1,"minecraft:arrow":14,"regions_unexplored:mauve_sapling":1,"regions_unexplored:redstone_bulb":1,"regions_unexplored:maple_sapling":1,"divinerpg:raw_realmite":27,"minecraft:hay_block":20,"minecraft:mutton":6,"minecraft:white_wool":17,"regions_unexplored:hanging_prismarite":7,"minecraft:leather":13,"minecraft:birch_planks":62,"divinerpg:plank_design":28,"regions_unexplored:red_maple_sapling":3,"regions_unexplored:salmon_poppy_bush":1,"minecraft:gunpowder":2,"regions_unexplored:large_prismarite_cluster":4,"minecraft:apple":1,"mcwbridges:balustrade_cobblestone_bridge":1,"minecraft:iron_ingot":1,"tombstone:bag_of_seeds":1,"regions_unexplored:orange_maple_leaf_pile":6,"minecraft:black_candle":3,"minecraft:birch_boat":2,"minecraft:pumpkin":1,"divinerpg:cyclops_eye_shards":2,"minecraft:dandelion":2,"divinerpg:minibricks":7,"minecraft:dripstone_block":1,"minecraft:gravel":102,"minecraft:spruce_sapling":6,"divinerpg:ender_shards":2,"minecraft:white_bed":5,"minecraft:spruce_log":10,"minecraft:spider_eye":2,"travelersbackpack:standard":1,"alexsmobs:raw_catfish":4,"regions_unexplored:fireweed":2,"minecraft:stone_axe":2,"regions_unexplored:silver_birch_log":44,"regions_unexplored:maple_log":160,"tombstone:magic_scroll":2,"regions_unexplored:stripped_maple_log":1,"minecraft:coal":80,"minecraft:ender_pearl":1},"minecraft:killed":{"divinerpg:cave_crawler":3,"minecraft:spider":15,"minecraft:skeleton":15,"minecraft:chicken":2,"minecraft:pig":6,"minecraft:creeper":1,"minecraft:sheep":4,"minecraft:zombie":29,"alexsmobs:terrapin":4,"minecraft:cow":18,"divinerpg:aequorea":1,"divinerpg:cyclops":2,"alexsmobs:raccoon":1,"minecraft:horse":3,"divinerpg:kobblin":14,"alexsmobs:bison":8,"minecraft:drowned":5,"divinerpg:ender_spider":2,"divinerpg:pumpkin_spider":2,"alexsmobs:catfish":1,"divinerpg:miner":2,"alexsmobs:cockroach":1,"alexsmobs:crow":1,"minecraft:enderman":1},"minecraft:broken":{"minecraft:stone_pickaxe":1},"minecraft:crafted":{"mcwbridges:balustrade_cobblestone_bridge":1,"regions_unexplored:maple_planks":592,"hangglider:hang_glider":1,"minecraft:birch_boat":1,"minecraft:stone":333,"regions_unexplored:maple_stairs":60,"minecraft:cooked_mutton":5,"minecraft:glass":39,"minecraft:diamond_helmet":1,"minecraft:diamond_leggings":1,"divinerpg:terran_stone":1,"minecraft:chest":3,"divinerpg:arlemite_stabber":1,"minecraft:crafting_table":5,"minecraft:spruce_planks":16,"minecraft:wooden_pickaxe":2,"travelersbackpack:standard":1,"divinerpg:realmite_shield":1,"regions_unexplored:hanging_prismarite":1,"minecraft:birch_planks":132,"divinerpg:plank_design":486,"minecraft:campfire":1,"regions_unexplored:prismaglass":2,"minecraft:diamond_pickaxe":1,"minecraft:shield":1,"minecraft:stick":112,"minecraft:iron_ingot":43,"minecraft:iron_pickaxe":1,"minecraft:stone_sword":1,"minecraft:shears":1,"divinerpg:shuriken":8,"hangglider:glider_framework":1,"divinerpg:arlemite_shovel":1,"minecraft:cherry_planks":20,"divinerpg:realmite_boots":1,"regions_unexplored:spruce_shrub":1,"minecraft:furnace":6,"minecraft:bone_meal":39,"hangglider:glider_wing":2,"minecraft:flint_and_steel":1,"travelersbackpack:white_sleeping_bag":2,"regions_unexplored:mauve_planks":28,"minecraft:iron_axe":1,"divinerpg:realmite_ingot":27,"minecraft:stone_pickaxe":1,"divinerpg:bacon":60,"minecraft:wheat":180,"minecraft:cooked_beef":19,"regions_unexplored:maple_branch":16,"travelersbackpack:backpack_tank":2,"divinerpg:realmite_axe":1,"minecraft:bucket":1,"regions_unexplored:large_prismarite_cluster":1,"minecraft:stone_axe":1,"minecraft:bread":60,"minecraft:air":0,"minecraft:wooden_axe":1,"minecraft:stonecutter":1,"minecraft:white_bed":2,"minecraft:torch":52,"minecraft:diamond_chestplate":1,"divinerpg:arlemite_ingot":3},"minecraft:dropped":{"minecraft:birch_planks":53,"divinerpg:realmite_shield":1,"minecraft:flint":1,"regions_unexplored:red_maple_leaf_pile":5,"minecraft:dirt":23,"minecraft:gold_nugget":7,"minecraft:bone_meal":11,"regions_unexplored:prismarite_cluster":24,"regions_unexplored:maple_log":1,"minecraft:iron_pickaxe":1,"alexsmobs:raccoon_tail":1,"minecraft:bone":12,"minecraft:gravel":32,"minecraft:stone_axe":3,"minecraft:cobbled_deepslate":47,"minecraft:rotten_flesh":12,"minecraft:azure_bluet":1,"regions_unexplored:silt_grass_block":1,"regions_unexplored:hanging_prismarite":7,"minecraft:leather_boots":2,"minecraft:enchanted_book":4,"regions_unexplored:fireweed":2,"minecraft:wheat_seeds":15,"regions_unexplored:maple_shrub":1,"minecraft:dripstone_block":1,"divinerpg:realmite_axe":2,"minecraft:feather":2,"minecraft:cobblestone":49,"regions_unexplored:prismaglass":2,"alexsmobs:raw_catfish":2,"minecraft:stick":13,"minecraft:black_candle":3,"tombstone:grave_key":1,"minecraft:wooden_axe":2,"minecraft:cherry_planks":1,"regions_unexplored:poppy_bush":1,"mcwbridges:balustrade_cobblestone_bridge":1,"minecraft:dandelion":2,"minecraft:redstone":7,"divinerpg:aqua_ball":2,"minecraft:stone_sword":3,"minecraft:chicken":2,"regions_unexplored:clover":8,"regions_unexplored:pink_lupine":1,"regions_unexplored:ash_vent":2,"minecraft:stone":1,"regions_unexplored:maple_leaf_pile":2,"minecraft:spider_eye":2,"minecraft:wooden_pickaxe":2,"regions_unexplored:orange_maple_leaf_pile":6},"minecraft:used":{"regions_unexplored:pink_lupine":1,"minecraft:moss_carpet":1,"minecraft:chest":3,"minecraft:shield":14,"minecraft:mutton":1,"regions_unexplored:mauve_sapling":1,"regions_unexplored:prismarite_cluster":8,"minecraft:obsidian":19,"divinerpg:realmite_boots":1,"regions_unexplored:orange_maple_sapling":4,"regions_unexplored:salmon_poppy_bush":1,"minecraft:green_wool":1,"minecraft:furnace":10,"minecraft:egg":1,"regions_unexplored:spruce_shrub":1,"divinerpg:realmite_axe":231,"regions_unexplored:redstone_bulb":1,"regions_unexplored:large_prismarite_cluster":5,"minecraft:stone_pickaxe":139,"regions_unexplored:red_maple_shrub":2,"minecraft:wooden_pickaxe":8,"minecraft:sugar_cane":48,"regions_unexplored:maple_branch":1,"minecraft:bread":68,"minecraft:gravel":70,"minecraft:lilac":1,"regions_unexplored:maple_stairs":61,"regions_unexplored:red_maple_sapling":2,"minecraft:bone_meal":10,"divinerpg:bacon":32,"minecraft:stone_sword":95,"divinerpg:arlemite_shovel":226,"minecraft:flint_and_steel":4,"regions_unexplored:maple_leaf_pile":14,"minecraft:torch":86,"minecraft:dirt":157,"minecraft:diamond_helmet":1,"minecraft:wooden_axe":19,"minecraft:iron_axe":101,"minecraft:diamond_chestplate":1,"tombstone:gift":4,"minecraft:cooked_beef":19,"minecraft:pumpkin":1,"minecraft:cooked_mutton":5,"minecraft:water_bucket":57,"minecraft:birch_planks":37,"divinerpg:plank_design":500,"divinerpg:realmite_shield":38,"minecraft:birch_boat":3,"minecraft:cherry_planks":1,"minecraft:stonecutter":1,"minecraft:cobblestone_slab":1,"mcwbridges:balustrade_cobblestone_bridge":1,"minecraft:mossy_cobblestone":2,"minecraft:crafting_table":18,"divinerpg:arlemite_stabber":396,"minecraft:white_bed":7,"minecraft:campfire":1,"tombstone:bag_of_seeds":1,"minecraft:diamond_pickaxe":552,"minecraft:iron_pickaxe":185,"travelersbackpack:white_sleeping_bag":8,"minecraft:spruce_sapling":2,"minecraft:stone_axe":76,"minecraft:pink_petals":5,"travelersbackpack:standard":4,"minecraft:bucket":58,"divinerpg:minibricks":230,"regions_unexplored:maple_log":13,"minecraft:diamond_leggings":1,"divinerpg:shuriken":8},"minecraft:custom":{"minecraft:interact_with_crafting_table":105,"minecraft:open_barrel":4,"minecraft:leave_game":2,"minecraft:time_since_death":280361,"minecraft:sprint_one_cm":607110,"minecraft:damage_blocked_by_shield":1735,"minecraft:drop":155,"minecraft:play_time":321136,"minecraft:deaths":2,"minecraft:jump":7635,"minecraft:walk_on_water_one_cm":90852,"minecraft:interact_with_furnace":124,"minecraft:interact_with_loom":1,"minecraft:sleep_in_bed":14,"minecraft:damage_dealt":27894,"minecraft:crouch_one_cm":86158,"tombstone:undead_killed":51,"minecraft:mob_kills":143,"minecraft:climb_one_cm":32,"minecraft:walk_one_cm":726207,"minecraft:walk_under_water_one_cm":45711,"minecraft:sneak_time":28540,"minecraft:boat_one_cm":34814,"minecraft:total_world_time":321136,"minecraft:interact_with_grindstone":1,"minecraft:interact_with_stonecutter":14,"minecraft:time_since_rest":61182,"minecraft:damage_taken":4206,"minecraft:swim_one_cm":69619,"minecraft:fly_one_cm":1659512,"minecraft:open_chest":95,"minecraft:fall_one_cm":227409}},"DataVersion":3465}