{"stats":{"minecraft:custom":{"minecraft:animals_bred":13,"minecraft:interact_with_crafting_table":140,"minecraft:open_barrel":4,"minecraft:leave_game":8,"minecraft:time_since_death":675896,"minecraft:sprint_one_cm":1214349,"minecraft:damage_blocked_by_shield":2515,"minecraft:drop":203,"minecraft:talked_to_villager":6,"minecraft:play_time":716671,"minecraft:deaths":2,"minecraft:jump":14241,"minecraft:enchant_item":3,"minecraft:walk_on_water_one_cm":165912,"minecraft:interact_with_furnace":170,"minecraft:play_record":2,"minecraft:interact_with_loom":1,"minecraft:sleep_in_bed":25,"minecraft:damage_dealt":34781,"minecraft:crouch_one_cm":181168,"tombstone:undead_killed":64,"tombstone:villager_killed":2,"minecraft:use_cauldron":1,"minecraft:mob_kills":171,"minecraft:fill_cauldron":1,"minecraft:climb_one_cm":32,"minecraft:walk_one_cm":1616526,"minecraft:sneak_time":52878,"minecraft:walk_under_water_one_cm":90655,"minecraft:boat_one_cm":43793,"minecraft:total_world_time":716671,"minecraft:interact_with_grindstone":2,"minecraft:interact_with_stonecutter":35,"minecraft:time_since_rest":91402,"minecraft:damage_taken":5759,"minecraft:swim_one_cm":192136,"minecraft:fly_one_cm":4009745,"minecraft:open_chest":250,"minecraft:fall_one_cm":329782},"minecraft:mined":{"minecraft:white_bed":5,"regions_unexplored:maple_planks":1,"regions_unexplored:maple_log":183,"minecraft:cherry_log":5,"divinerpg:realmite_ore":27,"minecraft:carved_pumpkin":1,"minecraft:obsidian":20,"regions_unexplored:red_maple_shrub":5,"regions_unexplored:hanging_prismarite":3,"minecraft:grass_block":171,"regions_unexplored:white_trillium":4,"minecraft:composter":5,"minecraft:oxeye_daisy":2,"regions_unexplored:blue_bioshroom":2,"minecraft:iron_ore":53,"minecraft:fire":28,"minecraft:pumpkin":1,"regions_unexplored:maple_stairs":5,"regions_unexplored:silver_birch_leaves":4,"minecraft:pointed_dripstone":5,"minecraft:black_candle":3,"regions_unexplored:maple_branch":1,"minecraft:powder_snow":2,"regions_unexplored:stripped_maple_log":1,"minecraft:torch":32,"minecraft:chest":1,"minecraft:cobblestone":5,"mcwbridges:stone_brick_bridge_stair":28,"minecraft:grindstone":2,"minecraft:sugar_cane":93,"minecraft:wall_torch":11,"minecraft:pink_petals":4,"regions_unexplored:hyssop":7,"minecraft:wheat":2,"minecraft:lilac":1,"regions_unexplored:maple_fence":5,"minecraft:stone_brick_stairs":34,"minecraft:grass":417,"minecraft:sand":42,"minecraft:dirt":69,"rpg_companions_tiny_dragons:skeleton":1,"regions_unexplored:prismoss_sprout":11,"minecraft:oak_leaves":4,"minecraft:deepslate":77,"regions_unexplored:fireweed":2,"regions_unexplored:spruce_shrub":1,"minecraft:mossy_cobblestone":2,"minecraft:deepslate_diamond_ore":23,"divinerpg:arlemite_ore_deepslate":3,"regions_unexplored:poppy_bush":3,"travelersbackpack:white_sleeping_bag":12,"regions_unexplored:maple_leaves":5,"minecraft:spruce_leaves":18,"mcwbridges:balustrade_cobblestone_bridge":1,"regions_unexplored:large_prismarite_cluster":7,"minecraft:hay_block":30,"divinerpg:plank_design":35,"minecraft:furnace":4,"regions_unexplored:orange_maple_leaves":6,"minecraft:deepslate_iron_ore":12,"minecraft:shroomlight":16,"minecraft:cobblestone_slab":1,"regions_unexplored:red_maple_leaves":16,"regions_unexplored:ash_vent":2,"regions_unexplored:medium_grass":25,"regions_unexplored:orange_maple_leaf_pile":1,"minecraft:stone":547,"divinerpg:minibricks":146,"regions_unexplored:pink_bioshroom":1,"minecraft:dandelion":6,"travelersbackpack:standard":1,"minecraft:crafting_table":14,"minecraft:cornflower":1,"regions_unexplored:salmon_poppy_bush":1,"minecraft:campfire":1,"regions_unexplored:maple_door":8,"minecraft:tall_grass":29,"regions_unexplored:mauve_log":8,"regions_unexplored:daisy":4,"regions_unexplored:prismarite_cluster":50,"minecraft:birch_planks":12,"regions_unexplored:orange_maple_sapling":2,"minecraft:spruce_log":13,"minecraft:bee_nest":1,"regions_unexplored:red_maple_leaf_pile":2,"regions_unexplored:tall_blue_bioshroom":1,"minecraft:coal_ore":80,"regions_unexplored:silver_birch_log":44,"minecraft:gravel":51,"minecraft:dripstone_block":1,"minecraft:stone_bricks":19,"regions_unexplored:maple_shrub":1,"minecraft:fern":2},"minecraft:dropped":{"minecraft:birch_planks":53,"minecraft:cooked_beef":35,"divinerpg:realmite_shield":1,"mca:bouquet":1,"minecraft:leather":3,"minecraft:flint":2,"divinerpg:livicia_sword":1,"regions_unexplored:red_maple_leaf_pile":5,"minecraft:dirt":23,"minecraft:gold_nugget":7,"minecraft:bone_meal":29,"regions_unexplored:prismarite_cluster":24,"regions_unexplored:maple_log":1,"minecraft:iron_pickaxe":1,"alexsmobs:raccoon_tail":1,"minecraft:white_wool":3,"minecraft:gold_ingot":2,"minecraft:bone":12,"minecraft:gravel":32,"minecraft:stone_axe":3,"minecraft:cobbled_deepslate":47,"minecraft:rotten_flesh":18,"minecraft:azure_bluet":1,"regions_unexplored:silt_grass_block":2,"regions_unexplored:hanging_prismarite":7,"minecraft:leather_boots":2,"mca:book_infection":1,"minecraft:glass":1,"beachparty:pool_noodle":1,"minecraft:enchanted_book":4,"regions_unexplored:fireweed":3,"minecraft:wheat_seeds":20,"regions_unexplored:maple_shrub":1,"minecraft:dripstone_block":1,"divinerpg:realmite_axe":2,"regions_unexplored:red_maple_shrub":2,"minecraft:feather":2,"minecraft:cobblestone":49,"regions_unexplored:prismaglass":2,"beachparty:beach_hat":2,"minecraft:grass_block":2,"alexsmobs:raw_catfish":2,"regions_unexplored:daisy":3,"minecraft:stick":15,"minecraft:black_candle":3,"tombstone:grave_key":1,"minecraft:wooden_axe":2,"minecraft:cherry_planks":1,"beachparty:coconut_open":6,"regions_unexplored:poppy_bush":1,"regions_unexplored:spruce_shrub":1,"minecraft:trapped_chest":1,"mcwbridges:balustrade_cobblestone_bridge":1,"minecraft:dandelion":3,"minecraft:redstone":7,"divinerpg:aqua_ball":2,"minecraft:stone_sword":3,"minecraft:chicken":2,"regions_unexplored:clover":8,"regions_unexplored:hyssop":3,"regions_unexplored:pink_lupine":1,"regions_unexplored:ash_vent":2,"minecraft:shroomlight":1,"minecraft:stone":1,"regions_unexplored:maple_leaf_pile":2,"minecraft:spider_eye":2,"minecraft:wooden_pickaxe":2,"minecraft:raw_gold":1,"regions_unexplored:orange_maple_leaf_pile":6},"minecraft:crafted":{"hangglider:hang_glider":1,"mcwbridges:balustrade_cobblestone_bridge":1,"regions_unexplored:maple_planks":668,"minecraft:birch_boat":1,"mcwbridges:stone_bridge_pier":2,"minecraft:stone":494,"regions_unexplored:maple_stairs":60,"minecraft:diamond_shovel":1,"minecraft:bookshelf":1,"minecraft:cooked_mutton":5,"minecraft:glass":39,"vanillaplustools:iron_hammer":1,"minecraft:diamond_helmet":1,"minecraft:diamond_leggings":1,"divinerpg:terran_stone":1,"minecraft:chest":3,"regions_unexplored:maple_door":9,"divinerpg:arlemite_stabber":1,"minecraft:cauldron":4,"minecraft:crafting_table":6,"minecraft:spruce_planks":40,"minecraft:wooden_pickaxe":2,"travelersbackpack:standard":1,"divinerpg:realmite_shield":1,"regions_unexplored:hanging_prismarite":1,"divinerpg:plank_design":522,"minecraft:birch_planks":132,"minecraft:campfire":1,"regions_unexplored:prismaglass":2,"minecraft:stone_brick_stairs":16,"mca:rose_gold_ingot":32,"minecraft:iron_chestplate":1,"minecraft:paper":5,"minecraft:diamond_pickaxe":1,"minecraft:shield":1,"minecraft:stick":140,"minecraft:iron_ingot":49,"minecraft:iron_pickaxe":10,"minecraft:stone_sword":1,"minecraft:shears":1,"divinerpg:shuriken":8,"hangglider:glider_framework":1,"divinerpg:arlemite_shovel":1,"minecraft:cherry_planks":20,"divinerpg:realmite_boots":1,"regions_unexplored:spruce_shrub":1,"mcwbridges:stone_brick_bridge_stair":10,"minecraft:furnace":6,"mca:bouquet":2,"minecraft:bone_meal":45,"hangglider:glider_wing":2,"minecraft:glass_pane":64,"minecraft:flint_and_steel":1,"travelersbackpack:white_sleeping_bag":2,"regions_unexplored:mauve_planks":28,"minecraft:iron_axe":1,"divinerpg:realmite_ingot":27,"minecraft:iron_hoe":1,"minecraft:stone_pickaxe":1,"divinerpg:bacon":60,"minecraft:wheat":315,"minecraft:cooked_beef":76,"regions_unexplored:maple_branch":16,"travelersbackpack:backpack_tank":2,"divinerpg:realmite_axe":1,"minecraft:bucket":2,"regions_unexplored:large_prismarite_cluster":1,"minecraft:stone_axe":1,"minecraft:air":17,"minecraft:bread":87,"mca:rose_gold_dust":32,"minecraft:wooden_axe":1,"minecraft:iron_leggings":1,"minecraft:stonecutter":1,"minecraft:white_bed":4,"minecraft:torch":64,"minecraft:diamond_chestplate":1,"divinerpg:arlemite_ingot":3},"minecraft:killed":{"divinerpg:cave_crawler":5,"minecraft:spider":18,"minecraft:skeleton":17,"minecraft:chicken":2,"minecraft:pig":6,"minecraft:creeper":1,"minecraft:sheep":4,"divinerpg:king_crab":2,"minecraft:zombie":37,"alexsmobs:terrapin":5,"rpg_companions_tiny_dragons:tiny_dragon_06":1,"minecraft:cow":18,"divinerpg:aequorea":1,"divinerpg:cyclops":2,"alexsmobs:raccoon":1,"minecraft:horse":3,"divinerpg:kobblin":16,"minecraft:drowned":7,"alexsmobs:bison":8,"divinerpg:ender_spider":2,"divinerpg:pumpkin_spider":2,"alexsmobs:catfish":1,"divinerpg:miner":3,"alexsmobs:cockroach":1,"alexsmobs:crow":1,"minecraft:villager":2,"minecraft:enderman":3},"minecraft:used":{"regions_unexplored:pink_lupine":1,"minecraft:moss_carpet":1,"regions_unexplored:maple_door":12,"minecraft:chest":5,"minecraft:shield":14,"beachparty:sweetberries_cocktail":3,"minecraft:stone":1,"minecraft:mutton":1,"regions_unexplored:mauve_sapling":1,"regions_unexplored:prismarite_cluster":8,"minecraft:obsidian":19,"regions_unexplored:orange_maple_sapling":4,"minecraft:lava_bucket":12,"divinerpg:realmite_boots":1,"minecraft:villager_spawn_egg":2,"minecraft:grass_block":1,"regions_unexplored:salmon_poppy_bush":1,"minecraft:green_wool":1,"minecraft:stone_brick_stairs":66,"minecraft:stone_bricks":45,"minecraft:bow":1,"divinerpg:livicia_sword":1,"minecraft:furnace":10,"minecraft:egg":2,"beachparty:beach_towel":1,"regions_unexplored:spruce_shrub":1,"divinerpg:realmite_axe":231,"mcwbridges:stone_bridge_pier":2,"regions_unexplored:redstone_bulb":1,"minecraft:stone_pickaxe":139,"regions_unexplored:large_prismarite_cluster":5,"regions_unexplored:red_maple_shrub":2,"minecraft:wooden_pickaxe":8,"minecraft:composter":5,"minecraft:sugar_cane":68,"minecraft:diamond_axe":55,"mca:female_villager_spawn_egg":1,"beachparty:beachparty_banner":3,"regions_unexplored:maple_branch":1,"minecraft:string":1,"minecraft:bread":100,"minecraft:gravel":70,"minecraft:lilac":1,"regions_unexplored:maple_stairs":61,"beachparty:radio":1,"beachparty:hooded_beach_chair":2,"minecraft:grindstone":4,"regions_unexplored:red_maple_sapling":3,"minecraft:bone_meal":12,"divinerpg:bacon":32,"minecraft:stone_sword":95,"minecraft:enchanting_table":2,"divinerpg:arlemite_shovel":226,"minecraft:flint_and_steel":12,"beachparty:music_disc_caribbean_beach":1,"regions_unexplored:maple_leaf_pile":14,"regions_unexplored:maple_planks":91,"minecraft:torch":105,"minecraft:dirt":823,"minecraft:diamond_helmet":1,"minecraft:shroomlight":14,"minecraft:iron_hoe":40,"minecraft:wooden_axe":19,"minecraft:bookshelf":38,"beachparty:music_disc_beachparty":1,"regions_unexplored:maple_fence":5,"minecraft:iron_axe":110,"minecraft:diamond_chestplate":2,"tombstone:gift":4,"minecraft:cooked_beef":50,"minecraft:pumpkin":1,"regions_unexplored:tall_blue_bioshroom":3,"minecraft:pointed_dripstone":4,"minecraft:wheat_seeds":35,"minecraft:cooked_mutton":5,"minecraft:water_bucket":95,"tombstone:scroll_of_knowledge":4,"beachparty:palm_door":2,"minecraft:birch_planks":37,"beachparty:melon_cocktail":1,"divinerpg:plank_design":535,"divinerpg:realmite_shield":59,"minecraft:birch_boat":4,"minecraft:cherry_planks":1,"minecraft:cauldron":4,"minecraft:stonecutter":1,"minecraft:cobblestone_slab":1,"mcwbridges:balustrade_cobblestone_bridge":1,"minecraft:mossy_cobblestone":2,"minecraft:crafting_table":18,"divinerpg:arlemite_stabber":521,"beachparty:beach_parasol":3,"minecraft:white_bed":9,"minecraft:campfire":1,"tombstone:bag_of_seeds":1,"mcwbridges:stone_brick_bridge_stair":36,"minecraft:diamond_pickaxe":782,"minecraft:oxeye_daisy":1,"minecraft:diamond_shovel":9,"minecraft:iron_pickaxe":185,"travelersbackpack:white_sleeping_bag":12,"beachparty:palm_cabinet":2,"minecraft:spruce_sapling":2,"minecraft:stone_axe":76,"minecraft:pink_petals":5,"beachparty:floaty_boat":1,"travelersbackpack:standard":5,"divinerpg:minibricks":1081,"minecraft:bucket":115,"regions_unexplored:maple_log":13,"minecraft:diamond_leggings":1,"divinerpg:shuriken":8,"minecraft:jukebox":1},"minecraft:broken":{"minecraft:stone_pickaxe":1},"minecraft:picked_up":{"minecraft:wooden_axe":1,"minecraft:wheat":2,"beachparty:beach_parasol":3,"minecraft:enchanted_book":2,"regions_unexplored:maple_planks":1,"minecraft:stone_brick_stairs":34,"minecraft:string":17,"regions_unexplored:prismarite_cluster":52,"minecraft:shroomlight":15,"beachparty:coconut_open":6,"minecraft:cobbled_deepslate":47,"regions_unexplored:maple_shrub":1,"mcwbridges:stone_brick_bridge_stair":28,"minecraft:cobblestone_slab":1,"divinerpg:raw_arlemite":3,"alexsmobs:raccoon_tail":1,"minecraft:furnace":4,"minecraft:stick":42,"minecraft:composter":5,"minecraft:torch":46,"minecraft:porkchop":10,"minecraft:cherry_log":5,"minecraft:pointed_dripstone":9,"tombstone:grave_dust":16,"regions_unexplored:daisy":3,"minecraft:stone_sword":2,"minecraft:rotten_flesh":18,"regions_unexplored:mauve_log":7,"minecraft:carved_pumpkin":1,"minecraft:green_wool":1,"minecraft:obsidian":19,"minecraft:cobblestone":599,"minecraft:pink_petals":5,"minecraft:feather":2,"minecraft:lilac":1,"minecraft:cherry_planks":1,"divinerpg:realmite_axe":1,"alexsmobs:bison_fur":2,"minecraft:flint":3,"minecraft:dirt":606,"minecraft:leather_boots":1,"minecraft:bone":28,"minecraft:bow":1,"regions_unexplored:red_maple_shrub":4,"minecraft:wheat_seeds":59,"minecraft:raw_gold":1,"minecraft:grindstone":2,"regions_unexplored:maple_stairs":5,"regions_unexplored:pink_bioshroom":1,"divinerpg:realmite_shield":1,"divinerpg:realmite_ingot":3,"regions_unexplored:tall_blue_bioshroom":4,"minecraft:sand":42,"minecraft:grass_block":1,"divinerpg:aquatic_pellets":2,"regions_unexplored:pink_lupine":2,"minecraft:mossy_cobblestone":2,"travelersbackpack:white_sleeping_bag":12,"regions_unexplored:hyssop":3,"minecraft:diamond":23,"regions_unexplored:clover":8,"minecraft:bone_meal":1,"minecraft:charcoal":2,"divinerpg:livicia_sword":1,"minecraft:crafting_table":14,"minecraft:azure_bluet":1,"minecraft:chicken":2,"minecraft:wooden_pickaxe":1,"regions_unexplored:white_trillium":4,"regions_unexplored:blue_bioshroom":2,"regions_unexplored:red_maple_leaf_pile":5,"minecraft:cornflower":1,"minecraft:moss_carpet":1,"regions_unexplored:poppy_bush":1,"divinerpg:aqua_ball":2,"regions_unexplored:spruce_shrub":1,"regions_unexplored:orange_maple_sapling":4,"beachparty:music_disc_caribbean_beach":1,"regions_unexplored:maple_leaf_pile":16,"minecraft:beef":76,"minecraft:sugar_cane":125,"minecraft:chest":1,"beachparty:pool_noodle":1,"minecraft:egg":2,"divinerpg:crab_claw":1,"minecraft:raw_iron":64,"regions_unexplored:ash_vent":2,"divinerpg:terran_shards":19,"minecraft:redstone":7,"regions_unexplored:silt_grass_block":2,"minecraft:arrow":14,"regions_unexplored:mauve_sapling":1,"regions_unexplored:redstone_bulb":1,"regions_unexplored:maple_sapling":1,"divinerpg:raw_realmite":27,"minecraft:hay_block":35,"minecraft:gold_ingot":2,"minecraft:mutton":6,"minecraft:white_wool":29,"minecraft:oxeye_daisy":2,"regions_unexplored:maple_fence":5,"regions_unexplored:hanging_prismarite":7,"minecraft:leather":13,"minecraft:birch_planks":62,"divinerpg:plank_design":35,"regions_unexplored:red_maple_sapling":4,"minecraft:gunpowder":2,"regions_unexplored:salmon_poppy_bush":1,"beachparty:beach_hat":1,"regions_unexplored:large_prismarite_cluster":4,"regions_unexplored:maple_door":8,"minecraft:apple":1,"mcwbridges:balustrade_cobblestone_bridge":1,"minecraft:stone_bricks":19,"minecraft:iron_ingot":1,"tombstone:bag_of_seeds":1,"regions_unexplored:orange_maple_leaf_pile":6,"minecraft:black_candle":3,"minecraft:birch_boat":3,"minecraft:pumpkin":1,"divinerpg:cyclops_eye_shards":2,"minecraft:dandelion":7,"minecraft:dripstone_block":1,"minecraft:gravel":102,"divinerpg:minibricks":140,"minecraft:spruce_sapling":7,"minecraft:spruce_log":16,"minecraft:white_bed":5,"divinerpg:ender_shards":2,"minecraft:spider_eye":2,"travelersbackpack:standard":1,"alexsmobs:raw_catfish":4,"regions_unexplored:fireweed":3,"minecraft:stone_axe":2,"tombstone:scroll_of_knowledge":1,"regions_unexplored:silver_birch_log":44,"regions_unexplored:maple_log":177,"tombstone:magic_scroll":2,"regions_unexplored:stripped_maple_log":1,"minecraft:coal":80,"minecraft:ender_pearl":3}},"DataVersion":3465}