{"stats":{"minecraft:mined":{"minecraft:white_bed":1,"minecraft:cherry_log":5,"minecraft:crafting_table":3,"regions_unexplored:salmon_poppy_bush":1,"minecraft:grass_block":2,"regions_unexplored:poppy_bush":3,"minecraft:tall_grass":2,"minecraft:pink_petals":4,"minecraft:furnace":1,"regions_unexplored:silver_birch_leaves":1,"minecraft:grass":7,"regions_unexplored:silver_birch_log":33,"regions_unexplored:medium_grass":4,"minecraft:stone":26},"minecraft:picked_up":{"minecraft:wooden_axe":1,"minecraft:pink_petals":5,"minecraft:crafting_table":3,"minecraft:leather":3,"minecraft:wooden_pickaxe":1,"regions_unexplored:salmon_poppy_bush":1,"minecraft:dirt":2,"minecraft:moss_carpet":1,"regions_unexplored:poppy_bush":1,"minecraft:wheat_seeds":2,"minecraft:beef":8,"minecraft:furnace":1,"minecraft:stick":1,"divinerpg:terran_shards":2,"minecraft:porkchop":6,"minecraft:cherry_log":5,"minecraft:white_bed":1,"divinerpg:aquatic_pellets":2,"minecraft:stone_axe":1,"regions_unexplored:silver_birch_log":33,"minecraft:mutton":5,"minecraft:white_wool":3,"minecraft:cobblestone":26},"minecraft:killed":{"minecraft:pig":3,"minecraft:sheep":3,"divinerpg:kobblin":1,"minecraft:cow":4},"minecraft:crafted":{"minecraft:cooked_beef":3,"minecraft:cherry_planks":20,"minecraft:crafting_table":3,"minecraft:wooden_pickaxe":2,"minecraft:furnace":1,"minecraft:birch_planks":132,"hangglider:glider_wing":1,"minecraft:stone_axe":1,"minecraft:cooked_mutton":5,"minecraft:air":0,"minecraft:stick":20,"minecraft:stone_pickaxe":1,"minecraft:wooden_axe":1,"minecraft:stone_sword":1,"minecraft:white_bed":1,"divinerpg:bacon":36},"minecraft:dropped":{"minecraft:stone_axe":1,"minecraft:wheat_seeds":2,"tombstone:grave_key":1,"minecraft:wooden_axe":2,"minecraft:wooden_pickaxe":2},"minecraft:used":{"divinerpg:bacon":3,"minecraft:cooked_mutton":4,"minecraft:moss_carpet":1,"minecraft:stone_sword":5,"minecraft:stone_pickaxe":19,"minecraft:wooden_pickaxe":8,"minecraft:cherry_planks":1,"minecraft:dirt":2,"minecraft:crafting_table":4,"minecraft:white_bed":1,"minecraft:wooden_axe":19,"regions_unexplored:salmon_poppy_bush":1,"minecraft:stone_axe":28,"minecraft:pink_petals":5,"minecraft:furnace":1,"tombstone:gift":1},"minecraft:custom":{"minecraft:interact_with_furnace":5,"minecraft:mob_kills":11,"minecraft:interact_with_crafting_table":8,"minecraft:leave_game":2,"minecraft:time_since_death":15116,"minecraft:sleep_in_bed":1,"minecraft:time_since_rest":0,"minecraft:sprint_one_cm":44356,"minecraft:damage_taken":575,"minecraft:walk_one_cm":66102,"minecraft:drop":8,"minecraft:damage_dealt":1299,"minecraft:swim_one_cm":6886,"minecraft:fly_one_cm":127736,"minecraft:crouch_one_cm":181,"minecraft:play_time":27136,"minecraft:deaths":1,"minecraft:sneak_time":225,"minecraft:walk_under_water_one_cm":851,"minecraft:jump":768,"minecraft:walk_on_water_one_cm":6960,"minecraft:total_world_time":27136,"minecraft:fall_one_cm":22887}},"DataVersion":3465}