{"stats":{"minecraft:mined":{"minecraft:white_bed":5,"minecraft:mossy_cobblestone":2,"minecraft:deepslate_diamond_ore":23,"minecraft:cherry_log":5,"divinerpg:arlemite_ore_deepslate":3,"divinerpg:realmite_ore":27,"minecraft:obsidian":20,"regions_unexplored:hanging_prismarite":3,"minecraft:grass_block":30,"regions_unexplored:poppy_bush":3,"travelersbackpack:white_sleeping_bag":4,"regions_unexplored:large_prismarite_cluster":7,"minecraft:hay_block":20,"minecraft:furnace":4,"minecraft:iron_ore":47,"minecraft:fire":2,"regions_unexplored:silver_birch_leaves":1,"minecraft:pointed_dripstone":5,"minecraft:deepslate_iron_ore":12,"minecraft:cobblestone_slab":1,"minecraft:black_candle":3,"regions_unexplored:ash_vent":2,"regions_unexplored:medium_grass":8,"minecraft:stone":72,"minecraft:powder_snow":2,"travelersbackpack:standard":1,"minecraft:crafting_table":13,"minecraft:torch":12,"regions_unexplored:salmon_poppy_bush":1,"minecraft:tall_grass":5,"minecraft:cobblestone":5,"regions_unexplored:mauve_log":8,"regions_unexplored:daisy":1,"minecraft:sugar_cane":9,"minecraft:wall_torch":6,"regions_unexplored:prismarite_cluster":50,"minecraft:pink_petals":4,"minecraft:birch_planks":12,"regions_unexplored:hyssop":4,"minecraft:bee_nest":1,"minecraft:grass":39,"minecraft:coal_ore":50,"regions_unexplored:silver_birch_log":33,"minecraft:gravel":45,"minecraft:sand":15,"minecraft:dirt":6,"rpg_companions_tiny_dragons:skeleton":1,"regions_unexplored:maple_shrub":1,"regions_unexplored:prismoss_sprout":11,"minecraft:oak_leaves":4,"minecraft:deepslate":77,"regions_unexplored:fireweed":1},"minecraft:picked_up":{"minecraft:wooden_axe":1,"minecraft:crafting_table":13,"minecraft:azure_bluet":1,"minecraft:chicken":2,"minecraft:wooden_pickaxe":1,"minecraft:enchanted_book":2,"divinerpg:aqua_ball":2,"minecraft:string":7,"regions_unexplored:prismarite_cluster":52,"regions_unexplored:poppy_bush":1,"minecraft:moss_carpet":1,"minecraft:cobbled_deepslate":47,"regions_unexplored:maple_shrub":1,"minecraft:beef":30,"minecraft:cobblestone_slab":1,"divinerpg:raw_arlemite":3,"alexsmobs:raccoon_tail":1,"minecraft:sugar_cane":23,"minecraft:furnace":4,"minecraft:egg":1,"minecraft:raw_iron":58,"minecraft:stick":7,"regions_unexplored:ash_vent":2,"minecraft:torch":18,"divinerpg:terran_shards":6,"minecraft:porkchop":10,"minecraft:cherry_log":5,"tombstone:grave_dust":3,"minecraft:pointed_dripstone":8,"minecraft:redstone":7,"regions_unexplored:mauve_sapling":1,"minecraft:stone_sword":2,"minecraft:arrow":4,"minecraft:rotten_flesh":8,"regions_unexplored:redstone_bulb":1,"regions_unexplored:mauve_log":7,"divinerpg:raw_realmite":27,"minecraft:hay_block":20,"minecraft:green_wool":1,"minecraft:obsidian":19,"minecraft:mutton":6,"minecraft:cobblestone":124,"minecraft:white_wool":4,"minecraft:pink_petals":5,"minecraft:feather":2,"regions_unexplored:hanging_prismarite":7,"minecraft:cherry_planks":1,"minecraft:leather":9,"minecraft:birch_planks":56,"minecraft:flint":2,"minecraft:gunpowder":2,"regions_unexplored:salmon_poppy_bush":1,"minecraft:dirt":55,"minecraft:leather_boots":1,"regions_unexplored:large_prismarite_cluster":4,"minecraft:bone":19,"minecraft:wheat_seeds":6,"tombstone:bag_of_seeds":1,"divinerpg:realmite_shield":1,"divinerpg:realmite_ingot":2,"minecraft:black_candle":3,"divinerpg:cyclops_eye_shards":1,"minecraft:gravel":98,"minecraft:sand":15,"minecraft:white_bed":5,"minecraft:spider_eye":1,"divinerpg:aquatic_pellets":2,"regions_unexplored:pink_lupine":2,"minecraft:mossy_cobblestone":2,"travelersbackpack:white_sleeping_bag":4,"travelersbackpack:standard":1,"regions_unexplored:fireweed":2,"minecraft:diamond":23,"minecraft:stone_axe":2,"regions_unexplored:silver_birch_log":33,"regions_unexplored:clover":8,"tombstone:magic_scroll":1,"minecraft:coal":50},"minecraft:killed":{"divinerpg:aequorea":1,"divinerpg:cyclops":1,"divinerpg:cave_crawler":2,"alexsmobs:raccoon":1,"minecraft:spider":5,"minecraft:horse":3,"minecraft:skeleton":8,"minecraft:chicken":2,"divinerpg:kobblin":7,"alexsmobs:bison":1,"minecraft:pig":6,"minecraft:sheep":4,"alexsmobs:cockroach":1,"minecraft:zombie":22,"alexsmobs:terrapin":4,"alexsmobs:crow":1,"minecraft:cow":13},"minecraft:broken":{"minecraft:stone_pickaxe":1},"minecraft:crafted":{"divinerpg:arlemite_shovel":1,"minecraft:cherry_planks":20,"divinerpg:realmite_boots":1,"minecraft:furnace":3,"minecraft:stone":1,"hangglider:glider_wing":1,"minecraft:flint_and_steel":1,"minecraft:cooked_mutton":5,"minecraft:glass":15,"travelersbackpack:white_sleeping_bag":2,"minecraft:diamond_helmet":1,"regions_unexplored:mauve_planks":28,"minecraft:diamond_leggings":1,"divinerpg:realmite_ingot":27,"minecraft:stone_pickaxe":1,"minecraft:chest":1,"divinerpg:bacon":60,"divinerpg:arlemite_stabber":1,"minecraft:wheat":180,"minecraft:cooked_beef":3,"minecraft:crafting_table":5,"travelersbackpack:backpack_tank":2,"travelersbackpack:standard":1,"minecraft:wooden_pickaxe":2,"divinerpg:realmite_shield":1,"regions_unexplored:hanging_prismarite":1,"divinerpg:realmite_axe":1,"regions_unexplored:large_prismarite_cluster":1,"minecraft:bucket":1,"minecraft:birch_planks":132,"minecraft:stone_axe":1,"regions_unexplored:prismaglass":2,"minecraft:air":0,"minecraft:bread":60,"minecraft:diamond_pickaxe":1,"minecraft:shield":1,"minecraft:stick":44,"minecraft:iron_ingot":30,"minecraft:iron_pickaxe":1,"minecraft:wooden_axe":1,"minecraft:stone_sword":1,"minecraft:white_bed":1,"minecraft:torch":24,"divinerpg:shuriken":8,"minecraft:diamond_chestplate":1,"divinerpg:arlemite_ingot":3},"minecraft:dropped":{"minecraft:enchanted_book":3,"regions_unexplored:fireweed":2,"minecraft:birch_planks":47,"minecraft:wheat_seeds":6,"regions_unexplored:maple_shrub":1,"divinerpg:realmite_shield":1,"minecraft:feather":2,"minecraft:cobblestone":49,"regions_unexplored:prismaglass":2,"minecraft:flint":1,"minecraft:stick":12,"minecraft:dirt":18,"minecraft:black_candle":3,"tombstone:grave_key":1,"minecraft:wooden_axe":2,"minecraft:cherry_planks":1,"minecraft:gold_nugget":7,"regions_unexplored:prismarite_cluster":24,"regions_unexplored:poppy_bush":1,"minecraft:iron_pickaxe":1,"alexsmobs:raccoon_tail":1,"minecraft:bone":12,"minecraft:redstone":7,"minecraft:gravel":29,"minecraft:stone_axe":3,"divinerpg:aqua_ball":2,"minecraft:stone_sword":3,"minecraft:cobbled_deepslate":47,"minecraft:chicken":2,"minecraft:rotten_flesh":8,"regions_unexplored:clover":8,"minecraft:azure_bluet":1,"regions_unexplored:pink_lupine":1,"regions_unexplored:ash_vent":2,"minecraft:stone":1,"regions_unexplored:hanging_prismarite":7,"minecraft:leather_boots":2,"minecraft:spider_eye":1,"minecraft:wooden_pickaxe":2},"minecraft:used":{"regions_unexplored:pink_lupine":1,"divinerpg:bacon":32,"minecraft:moss_carpet":1,"minecraft:stone_sword":95,"divinerpg:arlemite_shovel":26,"minecraft:flint_and_steel":4,"minecraft:shield":14,"minecraft:torch":27,"minecraft:dirt":37,"minecraft:mutton":1,"minecraft:diamond_helmet":1,"regions_unexplored:prismarite_cluster":8,"minecraft:obsidian":19,"minecraft:wooden_axe":19,"divinerpg:realmite_boots":1,"regions_unexplored:salmon_poppy_bush":1,"minecraft:green_wool":1,"minecraft:diamond_chestplate":1,"minecraft:furnace":6,"tombstone:gift":3,"minecraft:egg":1,"minecraft:cooked_beef":3,"minecraft:cooked_mutton":5,"minecraft:water_bucket":39,"regions_unexplored:redstone_bulb":1,"minecraft:birch_planks":37,"minecraft:stone_pickaxe":139,"regions_unexplored:large_prismarite_cluster":5,"minecraft:wooden_pickaxe":8,"minecraft:cherry_planks":1,"minecraft:cobblestone_slab":1,"minecraft:mossy_cobblestone":2,"minecraft:crafting_table":16,"divinerpg:arlemite_stabber":254,"minecraft:white_bed":6,"tombstone:bag_of_seeds":1,"minecraft:diamond_pickaxe":32,"minecraft:bread":49,"minecraft:iron_pickaxe":185,"travelersbackpack:white_sleeping_bag":4,"minecraft:gravel":69,"minecraft:stone_axe":76,"minecraft:pink_petals":5,"travelersbackpack:standard":4,"minecraft:bucket":40,"divinerpg:shuriken":8,"minecraft:diamond_leggings":1},"minecraft:custom":{"minecraft:mob_kills":83,"minecraft:interact_with_crafting_table":63,"minecraft:open_barrel":4,"minecraft:leave_game":2,"minecraft:time_since_death":124361,"minecraft:climb_one_cm":32,"minecraft:sprint_one_cm":299087,"minecraft:walk_one_cm":357899,"minecraft:damage_blocked_by_shield":540,"minecraft:drop":118,"minecraft:play_time":165136,"minecraft:deaths":2,"minecraft:sneak_time":12033,"minecraft:walk_under_water_one_cm":33330,"minecraft:jump":4451,"minecraft:walk_on_water_one_cm":40739,"minecraft:total_world_time":165136,"minecraft:interact_with_furnace":42,"minecraft:interact_with_loom":1,"minecraft:interact_with_grindstone":1,"minecraft:sleep_in_bed":8,"minecraft:time_since_rest":10970,"minecraft:damage_taken":2877,"minecraft:damage_dealt":13200,"minecraft:swim_one_cm":32084,"minecraft:fly_one_cm":822404,"minecraft:open_chest":13,"minecraft:crouch_one_cm":26306,"tombstone:undead_killed":30,"minecraft:fall_one_cm":170293}},"DataVersion":3465}