{"stats":{"minecraft:mined":{"regions_unexplored:tall_pink_bioshroom":1,"minecraft:diamond_ore":11,"minecraft:tuff":7,"minecraft:white_bed":1,"minecraft:soul_sand":1,"minecraft:deepslate_diamond_ore":27,"minecraft:cherry_log":34,"minecraft:basalt":9,"minecraft:glow_lichen":1,"minecraft:crafting_table":7,"minecraft:cornflower":1,"minecraft:torch":1,"minecraft:granite":6,"minecraft:grass_block":2,"minecraft:mushroom_stem":1,"travelersbackpack:white_sleeping_bag":5,"minecraft:coal_block":8,"minecraft:tall_grass":1,"minecraft:cobblestone":11,"minecraft:spruce_leaves":1,"minecraft:deepslate_gold_ore":2,"minecraft:oak_planks":1,"minecraft:diorite":43,"minecraft:blue_bed":1,"minecraft:wall_torch":2,"minecraft:spawner":1,"regions_unexplored:blue_bioshroom_block":1,"minecraft:pink_petals":3,"minecraft:hay_block":53,"minecraft:magma_block":19,"minecraft:furnace":2,"minecraft:iron_ore":87,"minecraft:cobbled_deepslate":1,"regions_unexplored:silver_birch_branch":1,"minecraft:yellow_bed":2,"minecraft:grass":4,"minecraft:pointed_dripstone":1,"minecraft:coal_ore":139,"minecraft:deepslate_iron_ore":20,"minecraft:cobblestone_slab":1,"minecraft:cherry_leaves":173,"regions_unexplored:silver_birch_log":1,"minecraft:dripstone_block":8,"minecraft:gravel":5,"minecraft:dirt":4,"minecraft:stone":186,"ad_astra:sky_stone":3,"regions_unexplored:silt_grass_block":1,"minecraft:deepslate":123,"regions_unexplored:tassel":1},"minecraft:picked_up":{"minecraft:pink_petals":5,"minecraft:crafting_table":7,"minecraft:magma_block":17,"minecraft:basalt":9,"regions_unexplored:silt_dirt":1,"minecraft:gunpowder":2,"minecraft:tuff":7,"ad_astra:sky_stone":3,"minecraft:yellow_bed":2,"minecraft:blue_bed":1,"regions_unexplored:tassel":1,"minecraft:dirt":5,"minecraft:cornflower":1,"minecraft:string":5,"minecraft:cherry_boat":1,"minecraft:wheat_seeds":1,"minecraft:raw_gold":2,"minecraft:cobbled_deepslate":124,"minecraft:cobblestone_slab":1,"minecraft:coal_block":8,"minecraft:oak_planks":1,"minecraft:furnace":1,"minecraft:raw_iron":105,"minecraft:torch":3,"minecraft:dripstone_block":7,"minecraft:gravel":5,"minecraft:porkchop":8,"minecraft:cherry_log":45,"minecraft:pointed_dripstone":3,"minecraft:diorite":43,"minecraft:spider_eye":2,"travelersbackpack:white_sleeping_bag":5,"minecraft:rotten_flesh":1,"minecraft:diamond":38,"regions_unexplored:tall_pink_bioshroom":1,"regions_unexplored:silver_birch_log":1,"minecraft:hay_block":52,"minecraft:granite":6,"minecraft:cherry_sapling":2,"minecraft:mutton":7,"minecraft:cobblestone":195,"minecraft:coal":202,"minecraft:white_wool":5},"minecraft:killed":{"minecraft:pig":5,"minecraft:spider":6,"minecraft:creeper":1,"minecraft:sheep":5,"minecraft:zombie":1},"minecraft:broken":{"minecraft:stone_pickaxe":3},"minecraft:killed_by":{"divinerpg:pumpkin_spider":1},"minecraft:crafted":{"minecraft:cherry_planks":92,"minecraft:iron_helmet":1,"minecraft:crafting_table":7,"minecraft:wooden_pickaxe":1,"minecraft:furnace":2,"minecraft:cherry_boat":1,"minecraft:birch_planks":4,"minecraft:bread":161,"minecraft:cooked_mutton":7,"minecraft:air":0,"travelersbackpack:white_sleeping_bag":1,"minecraft:iron_boots":1,"minecraft:iron_chestplate":1,"minecraft:iron_axe":1,"minecraft:stick":20,"minecraft:iron_ingot":57,"minecraft:iron_pickaxe":1,"minecraft:stone_pickaxe":5,"minecraft:chest":1,"minecraft:stone_sword":1,"minecraft:iron_leggings":1,"minecraft:wheat":468},"minecraft:dropped":{"minecraft:wheat_seeds":1,"minecraft:cherry_log":22,"minecraft:pointed_dripstone":3,"minecraft:wheat":2,"minecraft:cherry_sapling":2,"minecraft:rotten_flesh":1,"minecraft:oak_planks":1,"regions_unexplored:tassel":1,"minecraft:granite":1,"minecraft:dirt":4,"minecraft:pink_petals":14,"minecraft:gravel":1},"minecraft:used":{"regions_unexplored:silt_dirt":1,"minecraft:cooked_mutton":7,"tombstone:scroll_of_reach":1,"minecraft:stone_sword":75,"minecraft:stone_pickaxe":531,"minecraft:chest":1,"minecraft:wooden_pickaxe":14,"minecraft:cherry_planks":6,"minecraft:blue_bed":1,"minecraft:iron_chestplate":1,"minecraft:torch":2,"minecraft:dirt":22,"minecraft:crafting_table":13,"minecraft:dripstone_block":7,"minecraft:iron_axe":4,"minecraft:bread":23,"minecraft:iron_pickaxe":186,"travelersbackpack:white_sleeping_bag":5,"minecraft:iron_helmet":1,"minecraft:iron_boots":1,"minecraft:cobblestone":31,"minecraft:furnace":2,"alexsmobs:animal_dictionary":1,"minecraft:cobbled_deepslate":83,"minecraft:iron_leggings":1,"minecraft:cherry_boat":1},"minecraft:custom":{"minecraft:interact_with_furnace":16,"minecraft:mob_kills":18,"minecraft:interact_with_crafting_table":20,"minecraft:open_barrel":2,"minecraft:interact_with_loom":1,"minecraft:bell_ring":1,"minecraft:leave_game":4,"minecraft:time_since_death":62692,"minecraft:sleep_in_bed":5,"minecraft:climb_one_cm":327,"minecraft:time_since_rest":11883,"minecraft:sprint_one_cm":195204,"minecraft:damage_taken":2004,"minecraft:walk_one_cm":182153,"minecraft:drop":27,"minecraft:damage_dealt":2797,"minecraft:swim_one_cm":8867,"minecraft:fly_one_cm":252207,"minecraft:open_chest":16,"minecraft:crouch_one_cm":21176,"minecraft:play_time":92871,"tombstone:undead_killed":1,"minecraft:deaths":2,"minecraft:sneak_time":10176,"minecraft:walk_under_water_one_cm":900,"minecraft:boat_one_cm":17206,"minecraft:jump":2431,"minecraft:walk_on_water_one_cm":4874,"minecraft:total_world_time":92871,"minecraft:fall_one_cm":53062}},"DataVersion":3465}