{"stats":{"minecraft:mined":{"minecraft:pink_petals":3,"minecraft:furnace":1,"minecraft:cherry_log":34,"regions_unexplored:silver_birch_branch":1,"minecraft:crafting_table":1,"minecraft:grass":3,"minecraft:coal_ore":20,"regions_unexplored:silver_birch_log":1,"minecraft:cherry_leaves":173,"minecraft:stone":16,"regions_unexplored:tassel":1},"minecraft:picked_up":{"minecraft:pink_petals":5,"minecraft:crafting_table":1,"minecraft:cherry_log":45,"regions_unexplored:tassel":1,"minecraft:string":1,"minecraft:wheat_seeds":1,"regions_unexplored:silver_birch_log":1,"minecraft:cherry_sapling":2,"minecraft:coal":20,"minecraft:mutton":7,"minecraft:white_wool":5,"minecraft:cobblestone":16},"minecraft:killed":{"minecraft:sheep":5,"minecraft:zombie":1,"minecraft:spider":1},"minecraft:crafted":{"minecraft:cherry_planks":92,"minecraft:crafting_table":3,"minecraft:stick":8,"minecraft:wooden_pickaxe":1,"minecraft:stone_pickaxe":1,"minecraft:stone_sword":1,"minecraft:furnace":1,"minecraft:cherry_boat":1,"minecraft:birch_planks":4,"minecraft:air":0,"minecraft:cooked_mutton":7},"minecraft:dropped":{"minecraft:wheat_seeds":1,"minecraft:cherry_log":22,"minecraft:cherry_sapling":2,"regions_unexplored:tassel":1,"minecraft:pink_petals":14},"minecraft:used":{"minecraft:cherry_boat":1,"minecraft:cooked_mutton":2,"minecraft:stone_sword":20,"minecraft:stone_pickaxe":23,"minecraft:wooden_pickaxe":14,"minecraft:cherry_planks":6,"minecraft:crafting_table":4,"minecraft:furnace":1},"minecraft:custom":{"minecraft:time_since_rest":11486,"minecraft:interact_with_furnace":2,"minecraft:sprint_one_cm":37229,"minecraft:damage_taken":500,"minecraft:walk_one_cm":71866,"minecraft:mob_kills":7,"minecraft:drop":18,"minecraft:damage_dealt":835,"minecraft:fly_one_cm":41030,"minecraft:interact_with_crafting_table":4,"minecraft:crouch_one_cm":792,"minecraft:play_time":17411,"tombstone:undead_killed":1,"minecraft:deaths":1,"minecraft:sneak_time":452,"minecraft:jump":332,"minecraft:leave_game":2,"minecraft:time_since_death":11460,"minecraft:total_world_time":17411,"minecraft:fall_one_cm":11268}},"DataVersion":3465}