{"stats":{"minecraft:mined":{"regions_unexplored:tall_pink_bioshroom":1,"minecraft:white_bed":1,"minecraft:soul_sand":1,"minecraft:cherry_log":34,"minecraft:basalt":9,"minecraft:glow_lichen":1,"minecraft:crafting_table":3,"minecraft:cornflower":1,"minecraft:torch":1,"minecraft:granite":1,"minecraft:grass_block":2,"minecraft:mushroom_stem":1,"travelersbackpack:white_sleeping_bag":3,"minecraft:coal_block":8,"minecraft:tall_grass":1,"minecraft:cobblestone":1,"minecraft:spruce_leaves":1,"minecraft:oak_planks":1,"minecraft:diorite":16,"minecraft:blue_bed":1,"minecraft:wall_torch":1,"regions_unexplored:blue_bioshroom_block":1,"minecraft:pink_petals":3,"minecraft:hay_block":53,"minecraft:magma_block":19,"minecraft:furnace":1,"minecraft:iron_ore":57,"regions_unexplored:silver_birch_branch":1,"minecraft:yellow_bed":2,"minecraft:grass":4,"minecraft:coal_ore":70,"minecraft:cobblestone_slab":1,"minecraft:cherry_leaves":173,"regions_unexplored:silver_birch_log":1,"minecraft:gravel":1,"minecraft:dirt":4,"minecraft:stone":103,"ad_astra:sky_stone":3,"regions_unexplored:silt_grass_block":1,"regions_unexplored:tassel":1},"minecraft:picked_up":{"minecraft:pink_petals":5,"minecraft:crafting_table":3,"minecraft:magma_block":17,"minecraft:basalt":9,"regions_unexplored:silt_dirt":1,"ad_astra:sky_stone":3,"minecraft:yellow_bed":2,"minecraft:blue_bed":1,"regions_unexplored:tassel":1,"minecraft:dirt":5,"minecraft:cornflower":1,"minecraft:string":1,"minecraft:cherry_boat":1,"minecraft:wheat_seeds":1,"minecraft:cobblestone_slab":1,"minecraft:coal_block":8,"minecraft:oak_planks":1,"minecraft:raw_iron":57,"minecraft:torch":2,"minecraft:gravel":1,"minecraft:porkchop":8,"minecraft:cherry_log":45,"minecraft:diorite":16,"travelersbackpack:white_sleeping_bag":3,"minecraft:rotten_flesh":1,"regions_unexplored:tall_pink_bioshroom":1,"regions_unexplored:silver_birch_log":1,"minecraft:hay_block":52,"minecraft:granite":1,"minecraft:cherry_sapling":2,"minecraft:mutton":7,"minecraft:cobblestone":102,"minecraft:coal":70,"minecraft:white_wool":5},"minecraft:killed":{"minecraft:pig":5,"minecraft:spider":1,"minecraft:sheep":5,"minecraft:zombie":1},"minecraft:broken":{"minecraft:stone_pickaxe":2},"minecraft:killed_by":{"divinerpg:pumpkin_spider":1},"minecraft:crafted":{"minecraft:cherry_planks":92,"minecraft:crafting_table":7,"minecraft:wooden_pickaxe":1,"minecraft:furnace":2,"minecraft:cherry_boat":1,"minecraft:birch_planks":4,"minecraft:bread":161,"minecraft:cooked_mutton":7,"minecraft:air":0,"travelersbackpack:white_sleeping_bag":1,"minecraft:iron_chestplate":1,"minecraft:stick":12,"minecraft:iron_ingot":8,"minecraft:stone_pickaxe":3,"minecraft:chest":1,"minecraft:stone_sword":1,"minecraft:wheat":468},"minecraft:dropped":{"minecraft:wheat_seeds":1,"minecraft:cherry_log":22,"minecraft:wheat":2,"minecraft:cherry_sapling":2,"regions_unexplored:tassel":1,"minecraft:pink_petals":14},"minecraft:used":{"regions_unexplored:silt_dirt":1,"minecraft:cooked_mutton":7,"minecraft:stone_sword":45,"minecraft:stone_pickaxe":288,"minecraft:chest":1,"minecraft:wooden_pickaxe":14,"minecraft:cherry_planks":6,"minecraft:blue_bed":1,"minecraft:iron_chestplate":1,"minecraft:torch":1,"minecraft:dirt":22,"minecraft:crafting_table":9,"minecraft:bread":19,"travelersbackpack:white_sleeping_bag":3,"minecraft:cobblestone":5,"minecraft:furnace":2,"alexsmobs:animal_dictionary":1,"minecraft:cherry_boat":1},"minecraft:custom":{"minecraft:interact_with_furnace":5,"minecraft:mob_kills":12,"minecraft:interact_with_crafting_table":12,"minecraft:open_barrel":2,"minecraft:interact_with_loom":1,"minecraft:bell_ring":1,"minecraft:leave_game":4,"minecraft:time_since_death":32692,"minecraft:sleep_in_bed":3,"minecraft:climb_one_cm":327,"minecraft:time_since_rest":9090,"minecraft:sprint_one_cm":194807,"minecraft:damage_taken":1770,"minecraft:walk_one_cm":152067,"minecraft:drop":19,"minecraft:damage_dealt":1699,"minecraft:swim_one_cm":8867,"minecraft:fly_one_cm":251626,"minecraft:open_chest":13,"minecraft:crouch_one_cm":10416,"minecraft:play_time":62871,"tombstone:undead_killed":1,"minecraft:deaths":2,"minecraft:sneak_time":4501,"minecraft:walk_under_water_one_cm":900,"minecraft:boat_one_cm":17206,"minecraft:jump":2250,"minecraft:walk_on_water_one_cm":4595,"minecraft:total_world_time":62871,"minecraft:fall_one_cm":50060}},"DataVersion":3465}