{"stats":{"minecraft:mined":{"regions_unexplored:tall_pink_bioshroom":1,"minecraft:diamond_ore":11,"minecraft:tuff":7,"minecraft:white_bed":1,"minecraft:deepslate_diamond_ore":27,"regions_unexplored:maple_log":9,"minecraft:cherry_log":34,"minecraft:glow_lichen":1,"minecraft:granite":6,"minecraft:grass_block":203,"minecraft:coal_block":8,"travelersbackpack:white_sleeping_bag":5,"minecraft:spruce_leaves":1,"regions_unexplored:blue_bioshroom_block":1,"minecraft:spawner":1,"minecraft:hay_block":74,"minecraft:tall_seagrass":6,"minecraft:magma_block":19,"minecraft:furnace":2,"minecraft:iron_ore":87,"minecraft:cobbled_deepslate":1,"regions_unexplored:orange_maple_leaves":1,"minecraft:pointed_dripstone":1,"minecraft:cobblestone_slab":1,"minecraft:deepslate_iron_ore":20,"regions_unexplored:orange_maple_shrub":1,"regions_unexplored:orange_maple_leaf_pile":1,"minecraft:stone":210,"regions_unexplored:silt_grass_block":1,"ad_astra:sky_stone":3,"minecraft:soul_sand":1,"minecraft:basalt":9,"minecraft:cornflower":1,"minecraft:crafting_table":7,"minecraft:torch":1,"minecraft:poppy":1,"minecraft:chest":1,"minecraft:mushroom_stem":1,"minecraft:cobblestone":14,"minecraft:tall_grass":5,"minecraft:deepslate_gold_ore":2,"minecraft:oak_planks":1,"minecraft:diorite":49,"minecraft:wall_torch":2,"minecraft:blue_bed":3,"minecraft:pink_petals":3,"minecraft:ice":3,"regions_unexplored:silver_birch_branch":1,"minecraft:yellow_bed":2,"minecraft:grass":22,"minecraft:coal_ore":139,"regions_unexplored:silver_birch_log":1,"minecraft:cherry_leaves":173,"minecraft:gravel":5,"minecraft:dripstone_block":8,"minecraft:dirt":177,"minecraft:deepslate":123,"regions_unexplored:tassel":1},"minecraft:picked_up":{"minecraft:crafting_table":7,"regions_unexplored:silt_dirt":1,"ad_astra:sky_stone":3,"minecraft:cornflower":1,"minecraft:string":5,"minecraft:cherry_boat":1,"minecraft:cobbled_deepslate":124,"minecraft:cobblestone_slab":1,"minecraft:coal_block":8,"minecraft:chest":1,"minecraft:furnace":1,"minecraft:stick":4,"minecraft:raw_iron":106,"divinerpg:terran_shards":2,"minecraft:torch":3,"minecraft:porkchop":8,"minecraft:cherry_log":45,"minecraft:pointed_dripstone":3,"minecraft:diorite":49,"minecraft:rotten_flesh":1,"minecraft:hay_block":73,"minecraft:mutton":7,"minecraft:white_wool":5,"minecraft:cobblestone":221,"minecraft:oxeye_daisy":1,"minecraft:pink_petals":5,"minecraft:magma_block":17,"minecraft:basalt":9,"regions_unexplored:orange_maple_shrub":1,"minecraft:tuff":7,"minecraft:yellow_bed":2,"minecraft:gunpowder":2,"minecraft:dirt":366,"regions_unexplored:tassel":1,"minecraft:blue_bed":2,"minecraft:wheat_seeds":8,"minecraft:raw_gold":2,"minecraft:diamond_helmet":1,"minecraft:oak_planks":1,"minecraft:dandelion":2,"minecraft:dripstone_block":7,"minecraft:gravel":5,"divinerpg:ender_shards":1,"minecraft:grass_block":1,"minecraft:spider_eye":3,"travelersbackpack:white_sleeping_bag":5,"minecraft:diamond":59,"regions_unexplored:tall_pink_bioshroom":1,"regions_unexplored:silver_birch_log":1,"minecraft:granite":6,"minecraft:cherry_sapling":2,"regions_unexplored:maple_log":9,"minecraft:coal":202},"minecraft:killed":{"minecraft:spider":6,"divinerpg:ender_spider":1,"minecraft:pig":5,"minecraft:creeper":1,"minecraft:sheep":5,"minecraft:zombie":1},"minecraft:broken":{"minecraft:stone_pickaxe":3},"minecraft:killed_by":{"divinerpg:pumpkin_spider":1},"minecraft:crafted":{"minecraft:cherry_planks":92,"minecraft:furnace":2,"minecraft:cherry_boat":1,"minecraft:diamond_shovel":2,"minecraft:cooked_mutton":7,"travelersbackpack:white_sleeping_bag":1,"minecraft:iron_boots":1,"minecraft:iron_axe":1,"minecraft:stone_pickaxe":6,"minecraft:chest":3,"minecraft:wheat":468,"minecraft:crafting_table":7,"minecraft:wooden_pickaxe":1,"minecraft:iron_helmet":1,"minecraft:iron_sword":1,"minecraft:birch_planks":4,"minecraft:bread":161,"minecraft:air":0,"minecraft:iron_chestplate":1,"minecraft:stick":24,"minecraft:iron_ingot":57,"minecraft:iron_pickaxe":2,"minecraft:stone_sword":1,"minecraft:iron_leggings":1},"minecraft:dropped":{"minecraft:wheat_seeds":1,"minecraft:cherry_log":22,"regions_unexplored:tassel":1,"minecraft:granite":2,"minecraft:oxeye_daisy":1,"minecraft:dirt":4,"minecraft:pink_petals":14,"minecraft:dandelion":2,"minecraft:gravel":1,"minecraft:wheat":2,"minecraft:pointed_dripstone":3,"minecraft:cherry_sapling":2,"minecraft:rotten_flesh":1,"minecraft:oak_planks":1,"minecraft:diamond_shovel":1,"minecraft:spider_eye":2},"minecraft:used":{"regions_unexplored:silt_dirt":1,"minecraft:cherry_boat":1,"minecraft:stone_sword":102,"minecraft:chest":4,"minecraft:iron_chestplate":1,"minecraft:torch":2,"minecraft:dirt":22,"minecraft:iron_axe":16,"minecraft:iron_helmet":1,"minecraft:iron_boots":1,"minecraft:furnace":2,"minecraft:cobbled_deepslate":83,"minecraft:iron_leggings":1,"minecraft:cooked_mutton":7,"tombstone:scroll_of_reach":1,"minecraft:stone_pickaxe":531,"minecraft:wooden_pickaxe":14,"minecraft:cherry_planks":6,"minecraft:blue_bed":2,"minecraft:crafting_table":14,"minecraft:dripstone_block":7,"minecraft:diamond_shovel":382,"minecraft:bread":32,"minecraft:iron_pickaxe":219,"travelersbackpack:white_sleeping_bag":5,"minecraft:cobblestone":34,"minecraft:yellow_bed":1,"alexsmobs:animal_dictionary":1},"minecraft:custom":{"minecraft:mob_kills":19,"minecraft:interact_with_crafting_table":26,"minecraft:open_barrel":2,"minecraft:bell_ring":1,"minecraft:leave_game":4,"minecraft:time_since_death":86692,"minecraft:climb_one_cm":327,"minecraft:sprint_one_cm":244518,"minecraft:walk_one_cm":254802,"minecraft:drop":33,"minecraft:talked_to_villager":1,"minecraft:play_time":116871,"minecraft:deaths":2,"minecraft:sneak_time":10439,"minecraft:walk_under_water_one_cm":9645,"minecraft:boat_one_cm":17206,"minecraft:jump":2823,"minecraft:walk_on_water_one_cm":9932,"minecraft:total_world_time":116871,"minecraft:interact_with_furnace":16,"minecraft:interact_with_loom":1,"minecraft:sleep_in_bed":8,"minecraft:time_since_rest":4655,"minecraft:damage_taken":2365,"minecraft:damage_dealt":3265,"minecraft:swim_one_cm":34265,"minecraft:fly_one_cm":329378,"minecraft:open_chest":22,"minecraft:crouch_one_cm":22621,"tombstone:undead_killed":1,"minecraft:fall_one_cm":65231}},"DataVersion":3465}