{"stats":{"minecraft:mined":{"regions_unexplored:tall_pink_bioshroom":1,"minecraft:diamond_ore":11,"minecraft:tuff":7,"minecraft:white_bed":1,"regions_unexplored:maple_planks":74,"minecraft:deepslate_diamond_ore":27,"regions_unexplored:maple_log":129,"minecraft:cherry_log":34,"regions_unexplored:magnolia_log":127,"minecraft:glow_lichen":1,"minecraft:granite":6,"minecraft:grass_block":516,"minecraft:coal_block":8,"travelersbackpack:white_sleeping_bag":5,"regions_unexplored:maple_leaves":48,"minecraft:spruce_leaves":50,"mcwbridges:balustrade_cobblestone_bridge":1,"regions_unexplored:large_prismarite_cluster":2,"regions_unexplored:blue_bioshroom_block":1,"minecraft:spawner":1,"minecraft:hay_block":74,"minecraft:tall_seagrass":14,"minecraft:magma_block":19,"minecraft:spruce_sapling":1,"minecraft:furnace":2,"minecraft:iron_ore":87,"minecraft:cobbled_deepslate":10,"regions_unexplored:orange_maple_leaves":1,"regions_unexplored:maple_stairs":7,"minecraft:azure_bluet":1,"minecraft:pointed_dripstone":1,"regions_unexplored:red_maple_leaves":3,"minecraft:cobblestone_slab":1,"minecraft:deepslate_iron_ore":20,"regions_unexplored:orange_maple_shrub":1,"regions_unexplored:medium_grass":3,"regions_unexplored:orange_maple_leaf_pile":1,"minecraft:stone":666,"regions_unexplored:silt_grass_block":1,"ad_astra:sky_stone":3,"regions_unexplored:maple_fence_gate":1,"minecraft:podzol":112,"minecraft:glass_pane":4,"minecraft:cherry_planks":8,"minecraft:soul_sand":1,"regions_unexplored:white_magnolia_leaves":4,"minecraft:spruce_door":1,"minecraft:basalt":9,"minecraft:cornflower":1,"minecraft:crafting_table":7,"minecraft:torch":4,"regions_unexplored:pink_magnolia_leaves":15,"minecraft:poppy":1,"minecraft:chest":1,"regions_unexplored:maple_door":1,"minecraft:mushroom_stem":1,"minecraft:copper_ore":1,"minecraft:cobblestone":45,"minecraft:tall_grass":5,"minecraft:deepslate_gold_ore":2,"minecraft:oak_planks":1,"regions_unexplored:prismarite_cluster":1,"minecraft:diorite":69,"minecraft:wall_torch":2,"minecraft:blue_bed":3,"minecraft:pink_petals":3,"minecraft:seagrass":1,"minecraft:ice":3,"regions_unexplored:silver_birch_branch":1,"minecraft:spruce_log":261,"minecraft:stone_brick_stairs":20,"minecraft:yellow_bed":2,"minecraft:grass":48,"minecraft:coal_ore":145,"regions_unexplored:silver_birch_log":1,"minecraft:cherry_leaves":173,"minecraft:sand":95,"minecraft:gravel":5,"minecraft:dripstone_block":8,"minecraft:dirt":730,"minecraft:stone_bricks":16,"regions_unexplored:maple_shrub":1,"minecraft:deepslate":123,"regions_unexplored:tassel":1},"minecraft:picked_up":{"minecraft:crafting_table":7,"minecraft:azure_bluet":2,"regions_unexplored:magnolia_log":132,"regions_unexplored:silt_dirt":1,"regions_unexplored:maple_planks":74,"minecraft:stone_brick_stairs":18,"ad_astra:sky_stone":3,"regions_unexplored:maple_leaves":21,"minecraft:cornflower":2,"regions_unexplored:prismarite_cluster":1,"minecraft:string":5,"minecraft:raw_copper":2,"minecraft:cherry_boat":1,"minecraft:cobbled_deepslate":134,"minecraft:beef":7,"regions_unexplored:maple_shrub":1,"minecraft:cobblestone_slab":1,"minecraft:coal_block":8,"minecraft:chest":1,"minecraft:furnace":1,"minecraft:stick":60,"minecraft:raw_iron":106,"divinerpg:terran_shards":6,"minecraft:torch":9,"minecraft:porkchop":8,"minecraft:cherry_log":45,"minecraft:pointed_dripstone":3,"minecraft:diorite":68,"regions_unexplored:pink_magnolia_sapling":6,"minecraft:arrow":7,"minecraft:rotten_flesh":22,"regions_unexplored:maple_sapling":5,"minecraft:hay_block":73,"regions_unexplored:maple_fence_gate":1,"minecraft:mutton":7,"regions_unexplored:magnolia_sapling":1,"minecraft:white_wool":5,"minecraft:cobblestone":635,"minecraft:oxeye_daisy":1,"minecraft:pink_petals":5,"minecraft:magma_block":17,"minecraft:basalt":9,"minecraft:cherry_planks":8,"divinerpg:realmite_axe":1,"regions_unexplored:orange_maple_shrub":1,"minecraft:tuff":7,"regions_unexplored:red_maple_sapling":1,"minecraft:yellow_bed":2,"minecraft:gunpowder":2,"minecraft:dirt":1465,"regions_unexplored:tassel":1,"minecraft:blue_bed":2,"regions_unexplored:large_prismarite_cluster":3,"minecraft:bone":6,"regions_unexplored:maple_door":1,"mcwbridges:balustrade_cobblestone_bridge":3,"minecraft:apple":1,"minecraft:stone_bricks":15,"minecraft:bow":1,"minecraft:wheat_seeds":15,"minecraft:raw_gold":2,"regions_unexplored:maple_stairs":11,"minecraft:diamond_helmet":1,"minecraft:iron_sword":1,"minecraft:oak_planks":1,"divinerpg:realmite_ingot":2,"regions_unexplored:white_magnolia_sapling":4,"minecraft:dandelion":16,"minecraft:dripstone_block":7,"minecraft:gravel":5,"minecraft:sand":93,"minecraft:spruce_sapling":29,"minecraft:spruce_log":255,"divinerpg:ender_shards":1,"minecraft:grass_block":1,"minecraft:spruce_door":1,"minecraft:spider_eye":4,"travelersbackpack:white_sleeping_bag":5,"minecraft:diamond":59,"regions_unexplored:tall_pink_bioshroom":1,"regions_unexplored:silver_birch_log":1,"minecraft:granite":6,"minecraft:bone_meal":16,"minecraft:cherry_sapling":2,"regions_unexplored:maple_log":122,"minecraft:coal":207},"minecraft:killed":{"divinerpg:cave_crawler":1,"minecraft:spider":6,"minecraft:skeleton":6,"divinerpg:kobblin":3,"alexsmobs:bison":1,"divinerpg:ender_spider":1,"minecraft:pig":5,"minecraft:creeper":2,"minecraft:sheep":5,"divinerpg:miner":2,"minecraft:zombie":7},"minecraft:broken":{"minecraft:stone_pickaxe":3,"minecraft:iron_axe":1,"minecraft:iron_pickaxe":1},"minecraft:killed_by":{"divinerpg:pumpkin_spider":1},"minecraft:crafted":{"minecraft:cherry_planks":92,"minecraft:stone_brick_wall":6,"regions_unexplored:maple_planks":432,"minecraft:furnace":4,"minecraft:cherry_boat":1,"minecraft:stone":190,"regions_unexplored:maple_stairs":36,"minecraft:bone_meal":12,"minecraft:diamond_shovel":2,"minecraft:cooked_mutton":7,"minecraft:glass_pane":80,"minecraft:stone_stairs":4,"minecraft:glass":39,"travelersbackpack:white_sleeping_bag":1,"minecraft:iron_boots":1,"minecraft:iron_axe":2,"minecraft:stone_pickaxe":6,"minecraft:chest":3,"regions_unexplored:maple_door":3,"minecraft:stone_bricks":184,"minecraft:wheat":468,"regions_unexplored:maple_fence_gate":3,"minecraft:diamond_axe":1,"minecraft:crafting_table":7,"minecraft:spruce_planks":52,"minecraft:wooden_pickaxe":1,"minecraft:iron_helmet":1,"minecraft:iron_sword":1,"minecraft:spruce_door":3,"minecraft:birch_planks":4,"minecraft:bread":161,"minecraft:air":0,"minecraft:stone_brick_stairs":72,"minecraft:iron_chestplate":1,"minecraft:white_dye":5,"minecraft:stick":92,"minecraft:iron_ingot":57,"minecraft:iron_pickaxe":3,"minecraft:stone_sword":1,"minecraft:iron_leggings":1,"minecraft:torch":256,"minecraft:shears":1},"minecraft:dropped":{"minecraft:iron_ingot":1,"minecraft:bread":1,"minecraft:iron_sword":1,"minecraft:wheat_seeds":10,"regions_unexplored:magnolia_log":17,"minecraft:cherry_log":22,"regions_unexplored:maple_door":1,"regions_unexplored:tassel":1,"minecraft:granite":2,"minecraft:spruce_door":1,"minecraft:oxeye_daisy":1,"minecraft:dirt":446,"minecraft:cornflower":1,"regions_unexplored:large_prismarite_cluster":1,"minecraft:bone_meal":5,"regions_unexplored:prismarite_cluster":1,"minecraft:iron_axe":1,"minecraft:iron_pickaxe":1,"minecraft:pink_petals":14,"mcwbridges:balustrade_cobblestone_bridge":2,"minecraft:white_wool":2,"minecraft:dandelion":16,"minecraft:gravel":1,"minecraft:stone_sword":1,"minecraft:cobbled_deepslate":10,"minecraft:tuff":7,"minecraft:wheat":2,"minecraft:pointed_dripstone":3,"minecraft:cherry_sapling":2,"minecraft:rotten_flesh":22,"minecraft:oak_planks":1,"minecraft:diamond_shovel":1,"minecraft:azure_bluet":2,"minecraft:shears":1,"divinerpg:terran_shards":3,"regions_unexplored:maple_stairs":4,"minecraft:stone_brick_wall":4,"minecraft:spider_eye":4,"minecraft:spruce_log":1,"minecraft:white_dye":5,"minecraft:stone_brick_stairs":4},"minecraft:used":{"regions_unexplored:silt_dirt":1,"minecraft:cherry_boat":1,"minecraft:stone_sword":102,"regions_unexplored:maple_door":3,"minecraft:chest":4,"minecraft:iron_sword":143,"minecraft:iron_chestplate":1,"regions_unexplored:maple_planks":372,"minecraft:torch":37,"minecraft:dirt":561,"regions_unexplored:magnolia_log":26,"regions_unexplored:maple_fence_gate":4,"minecraft:iron_axe":488,"regions_unexplored:maple_sapling":3,"minecraft:iron_helmet":1,"minecraft:iron_boots":1,"minecraft:stone_brick_stairs":74,"minecraft:stone_bricks":82,"minecraft:bow":1,"minecraft:furnace":4,"tombstone:gift":2,"regions_unexplored:maple_leaves":21,"minecraft:cobbled_deepslate":83,"minecraft:iron_leggings":1,"minecraft:cooked_mutton":7,"tombstone:scroll_of_reach":1,"minecraft:spruce_door":3,"regions_unexplored:large_prismarite_cluster":1,"minecraft:stone_pickaxe":596,"minecraft:diamond_axe":190,"minecraft:wooden_pickaxe":14,"minecraft:cherry_planks":15,"minecraft:blue_bed":2,"mcwbridges:balustrade_cobblestone_bridge":1,"minecraft:crafting_table":14,"minecraft:stone_brick_wall":2,"minecraft:shears":25,"minecraft:spruce_log":207,"minecraft:dripstone_block":7,"minecraft:diamond_shovel":1436,"regions_unexplored:white_magnolia_sapling":4,"minecraft:bread":71,"minecraft:iron_pickaxe":720,"travelersbackpack:white_sleeping_bag":5,"minecraft:spruce_sapling":16,"regions_unexplored:maple_stairs":39,"minecraft:cobblestone":118,"minecraft:glass_pane":76,"minecraft:yellow_bed":1,"alexsmobs:animal_dictionary":1,"regions_unexplored:maple_log":14,"minecraft:bone_meal":9},"minecraft:custom":{"minecraft:mob_kills":40,"minecraft:interact_with_crafting_table":64,"minecraft:open_barrel":2,"minecraft:bell_ring":1,"minecraft:leave_game":4,"minecraft:time_since_death":254692,"minecraft:climb_one_cm":327,"minecraft:sprint_one_cm":508485,"minecraft:walk_one_cm":760202,"minecraft:drop":133,"minecraft:talked_to_villager":1,"minecraft:play_time":284871,"minecraft:deaths":2,"minecraft:sneak_time":15623,"minecraft:walk_under_water_one_cm":10839,"minecraft:boat_one_cm":17206,"minecraft:jump":4490,"minecraft:walk_on_water_one_cm":20075,"minecraft:total_world_time":284871,"minecraft:interact_with_furnace":68,"minecraft:interact_with_loom":1,"minecraft:sleep_in_bed":12,"minecraft:time_since_rest":25182,"minecraft:damage_taken":3929,"minecraft:damage_dealt":8836,"minecraft:swim_one_cm":76531,"minecraft:fly_one_cm":586642,"minecraft:open_chest":85,"minecraft:crouch_one_cm":39900,"tombstone:undead_killed":15,"minecraft:fall_one_cm":109588}},"DataVersion":3465}