{"stats":{"minecraft:mined":{"minecraft:cherry_log":34,"minecraft:crafting_table":2,"minecraft:cornflower":1,"minecraft:grass_block":2,"travelersbackpack:white_sleeping_bag":1,"minecraft:spruce_leaves":1,"minecraft:wall_torch":1,"minecraft:pink_petals":3,"minecraft:hay_block":53,"minecraft:furnace":1,"regions_unexplored:silver_birch_branch":1,"minecraft:yellow_bed":1,"minecraft:grass":3,"minecraft:coal_ore":30,"minecraft:cherry_leaves":173,"regions_unexplored:silver_birch_log":1,"minecraft:stone":19,"regions_unexplored:silt_grass_block":1,"regions_unexplored:tassel":1},"minecraft:picked_up":{"minecraft:pink_petals":5,"minecraft:crafting_table":2,"regions_unexplored:silt_dirt":1,"minecraft:yellow_bed":1,"minecraft:string":1,"regions_unexplored:tassel":1,"minecraft:cornflower":1,"minecraft:dirt":1,"minecraft:cherry_boat":1,"minecraft:wheat_seeds":1,"minecraft:torch":1,"minecraft:porkchop":7,"minecraft:cherry_log":45,"travelersbackpack:white_sleeping_bag":1,"regions_unexplored:silver_birch_log":1,"minecraft:hay_block":52,"minecraft:cherry_sapling":2,"minecraft:mutton":7,"minecraft:cobblestone":19,"minecraft:coal":30,"minecraft:white_wool":5},"minecraft:killed":{"minecraft:pig":4,"minecraft:spider":1,"minecraft:sheep":5,"minecraft:zombie":1},"minecraft:killed_by":{"divinerpg:pumpkin_spider":1},"minecraft:crafted":{"minecraft:cherry_planks":92,"minecraft:crafting_table":5,"minecraft:wooden_pickaxe":1,"minecraft:furnace":1,"minecraft:cherry_boat":1,"minecraft:birch_planks":4,"minecraft:cooked_mutton":7,"minecraft:bread":161,"minecraft:air":0,"travelersbackpack:white_sleeping_bag":1,"minecraft:stick":8,"minecraft:stone_pickaxe":1,"minecraft:stone_sword":1,"minecraft:wheat":468},"minecraft:dropped":{"minecraft:wheat_seeds":1,"minecraft:cherry_log":22,"minecraft:wheat":2,"minecraft:cherry_sapling":2,"regions_unexplored:tassel":1,"minecraft:pink_petals":14},"minecraft:used":{"regions_unexplored:silt_dirt":1,"minecraft:cherry_boat":1,"minecraft:cooked_mutton":7,"minecraft:stone_sword":39,"minecraft:stone_pickaxe":39,"minecraft:wooden_pickaxe":14,"minecraft:cherry_planks":6,"minecraft:dirt":10,"minecraft:crafting_table":6,"minecraft:bread":2,"travelersbackpack:white_sleeping_bag":1,"minecraft:furnace":1,"alexsmobs:animal_dictionary":1},"minecraft:custom":{"minecraft:interact_with_furnace":2,"minecraft:mob_kills":11,"minecraft:interact_with_crafting_table":6,"minecraft:open_barrel":2,"minecraft:interact_with_loom":1,"minecraft:leave_game":3,"minecraft:time_since_death":801,"minecraft:sleep_in_bed":1,"minecraft:time_since_rest":839,"minecraft:sprint_one_cm":115036,"minecraft:damage_taken":900,"minecraft:walk_one_cm":94145,"minecraft:drop":19,"minecraft:damage_dealt":1548,"minecraft:fly_one_cm":103410,"minecraft:open_chest":4,"minecraft:crouch_one_cm":6220,"minecraft:play_time":30980,"tombstone:undead_killed":1,"minecraft:deaths":2,"minecraft:sneak_time":2029,"minecraft:boat_one_cm":17206,"minecraft:jump":1540,"minecraft:total_world_time":30980,"minecraft:fall_one_cm":20283}},"DataVersion":3465}