{"stats":{"minecraft:crafted":{"regions_unexplored:maple_planks":508,"minecraft:cherry_boat":1,"minecraft:stone":314,"regions_unexplored:maple_stairs":120,"minecraft:diamond_shovel":2,"minecraft:cooked_mutton":7,"minecraft:glass":39,"minecraft:iron_boots":1,"minecraft:chest":3,"regions_unexplored:maple_door":3,"minecraft:stone_bricks":292,"regions_unexplored:maple_fence":9,"minecraft:diamond_axe":1,"minecraft:crafting_table":7,"minecraft:spruce_planks":52,"minecraft:wooden_pickaxe":1,"minecraft:iron_helmet":1,"minecraft:spruce_door":3,"minecraft:birch_planks":4,"minecraft:stone_brick_stairs":144,"minecraft:iron_chestplate":1,"minecraft:diamond_pickaxe":1,"minecraft:stick":96,"minecraft:iron_ingot":57,"minecraft:iron_pickaxe":4,"minecraft:stone_sword":1,"minecraft:shears":2,"minecraft:cherry_planks":92,"minecraft:stone_brick_wall":6,"minecraft:furnace":4,"minecraft:bone_meal":18,"minecraft:glass_pane":80,"minecraft:stone_stairs":4,"travelersbackpack:white_sleeping_bag":1,"minecraft:iron_axe":2,"minecraft:stone_pickaxe":6,"minecraft:wheat":1044,"regions_unexplored:maple_fence_gate":3,"minecraft:iron_sword":1,"minecraft:air":0,"minecraft:bread":353,"minecraft:white_dye":5,"minecraft:iron_leggings":1,"minecraft:torch":256},"minecraft:custom":{"minecraft:interact_with_crafting_table":76,"minecraft:open_barrel":2,"minecraft:bell_ring":1,"minecraft:leave_game":5,"minecraft:time_since_death":371331,"minecraft:sprint_one_cm":603066,"minecraft:drop":152,"minecraft:talked_to_villager":1,"minecraft:play_time":401510,"minecraft:deaths":2,"minecraft:jump":5485,"minecraft:walk_on_water_one_cm":23972,"minecraft:interact_with_furnace":83,"minecraft:interact_with_loom":1,"minecraft:sleep_in_bed":14,"minecraft:damage_dealt":10923,"minecraft:crouch_one_cm":67621,"tombstone:undead_killed":19,"minecraft:mob_kills":46,"minecraft:climb_one_cm":327,"minecraft:walk_one_cm":997976,"minecraft:sneak_time":25369,"minecraft:walk_under_water_one_cm":12655,"minecraft:boat_one_cm":18045,"minecraft:total_world_time":401510,"minecraft:time_since_rest":19980,"minecraft:damage_taken":4458,"minecraft:swim_one_cm":80490,"minecraft:fly_one_cm":719970,"minecraft:open_chest":114,"minecraft:fall_one_cm":118548},"minecraft:killed":{"divinerpg:cave_crawler":1,"minecraft:spider":6,"minecraft:skeleton":7,"alexsmobs:laviathan":1,"minecraft:pig":5,"minecraft:creeper":2,"minecraft:sheep":5,"minecraft:zombie":9,"divinerpg:kobblin":3,"alexsmobs:bison":2,"divinerpg:ender_spider":1,"divinerpg:miner":3},"minecraft:picked_up":{"beachparty:beach_parasol":9,"regions_unexplored:magnolia_log":241,"regions_unexplored:silt_dirt":1,"regions_unexplored:maple_planks":74,"minecraft:stone_brick_stairs":41,"minecraft:string":5,"regions_unexplored:prismarite_cluster":1,"minecraft:raw_copper":2,"beachparty:music_disc_pridelands":1,"beachparty:coconut_open":15,"minecraft:cherry_boat":1,"minecraft:cobbled_deepslate":154,"regions_unexplored:maple_shrub":1,"minecraft:cobblestone_slab":1,"minecraft:coal_block":8,"minecraft:furnace":1,"minecraft:stick":73,"beachparty:palm_torch_item":1,"minecraft:torch":9,"minecraft:porkchop":8,"minecraft:cherry_log":45,"minecraft:pointed_dripstone":3,"minecraft:diorite":95,"beachparty:music_disc_vocalista":1,"regions_unexplored:pink_magnolia_sapling":11,"minecraft:rotten_flesh":26,"beachparty:music_disc_beachparty":2,"regions_unexplored:maple_fence_gate":1,"regions_unexplored:magnolia_sapling":1,"minecraft:cobblestone":795,"minecraft:pink_petals":5,"minecraft:magma_block":17,"minecraft:cherry_planks":8,"minecraft:andesite":28,"divinerpg:realmite_axe":1,"minecraft:tuff":7,"minecraft:dirt":1491,"minecraft:bone":7,"minecraft:bow":1,"minecraft:wheat_seeds":16,"minecraft:raw_gold":2,"regions_unexplored:maple_stairs":15,"minecraft:diamond_helmet":1,"minecraft:oak_planks":1,"divinerpg:realmite_ingot":2,"minecraft:sand":93,"minecraft:grass_block":1,"beachparty:palm_fence":1,"travelersbackpack:white_sleeping_bag":5,"minecraft:diamond":69,"regions_unexplored:tall_pink_bioshroom":1,"minecraft:granite":35,"minecraft:bone_meal":16,"beachparty:hooded_beach_chair":1,"minecraft:crafting_table":7,"minecraft:azure_bluet":2,"ad_astra:sky_stone":3,"beachparty:coconut":3,"regions_unexplored:maple_leaves":60,"minecraft:cornflower":2,"minecraft:blackstone":1,"beachparty:music_disc_caribbean_beach":1,"minecraft:beef":7,"minecraft:chest":1,"minecraft:raw_iron":204,"beachparty:palm_sprout":2,"divinerpg:terran_shards":6,"beachparty:music_disc_wild_veins":1,"minecraft:redstone":27,"minecraft:arrow":7,"regions_unexplored:maple_sapling":9,"divinerpg:raw_realmite":10,"minecraft:hay_block":73,"beachparty:palm_cabinet":1,"minecraft:mutton":7,"minecraft:white_wool":5,"minecraft:oxeye_daisy":1,"minecraft:basalt":9,"beachparty:beach_goal":1,"regions_unexplored:orange_maple_shrub":1,"regions_unexplored:red_maple_sapling":1,"minecraft:yellow_bed":2,"minecraft:gunpowder":2,"regions_unexplored:tassel":1,"minecraft:blue_bed":2,"beachparty:beach_hat":1,"regions_unexplored:large_prismarite_cluster":3,"regions_unexplored:maple_door":1,"minecraft:apple":1,"mcwbridges:balustrade_cobblestone_bridge":3,"minecraft:stone_bricks":15,"minecraft:iron_sword":1,"beachparty:radio":2,"regions_unexplored:white_magnolia_sapling":4,"minecraft:dandelion":16,"minecraft:dripstone_block":7,"minecraft:gravel":22,"minecraft:spruce_sapling":31,"divinerpg:ender_shards":1,"minecraft:spruce_log":275,"minecraft:spruce_door":1,"minecraft:spider_eye":4,"regions_unexplored:silver_birch_log":1,"regions_unexplored:maple_log":157,"minecraft:cherry_sapling":2,"minecraft:coal":245},"minecraft:broken":{"minecraft:stone_pickaxe":3,"minecraft:iron_axe":1,"minecraft:iron_pickaxe":2},"minecraft:dropped":{"minecraft:iron_sword":1,"regions_unexplored:magnolia_log":17,"regions_unexplored:maple_planks":2,"minecraft:dirt":446,"minecraft:cornflower":1,"regions_unexplored:large_prismarite_cluster":1,"minecraft:bone_meal":7,"regions_unexplored:prismarite_cluster":1,"minecraft:iron_pickaxe":1,"minecraft:white_wool":2,"minecraft:gravel":1,"minecraft:cobbled_deepslate":10,"minecraft:wheat":2,"minecraft:pointed_dripstone":3,"minecraft:cherry_sapling":2,"minecraft:rotten_flesh":22,"minecraft:oak_planks":1,"minecraft:diamond_shovel":1,"minecraft:stone_stairs":4,"minecraft:azure_bluet":2,"divinerpg:terran_shards":3,"minecraft:stone_brick_wall":4,"tombstone:scroll_of_knowledge":1,"minecraft:white_dye":5,"minecraft:arrow":3,"minecraft:stone_brick_stairs":4,"minecraft:iron_ingot":1,"minecraft:bread":1,"minecraft:wheat_seeds":10,"minecraft:cherry_log":22,"regions_unexplored:maple_door":1,"regions_unexplored:tassel":1,"minecraft:granite":2,"minecraft:spruce_door":1,"minecraft:oxeye_daisy":1,"regions_unexplored:pink_magnolia_sapling":2,"minecraft:iron_axe":1,"minecraft:pink_petals":14,"mcwbridges:balustrade_cobblestone_bridge":2,"minecraft:spruce_sapling":2,"minecraft:dandelion":16,"minecraft:stone_sword":1,"minecraft:tuff":7,"minecraft:shears":1,"regions_unexplored:maple_stairs":6,"minecraft:stone":1,"minecraft:spider_eye":4,"minecraft:spruce_log":1},"minecraft:used":{"regions_unexplored:silt_dirt":1,"regions_unexplored:maple_door":3,"minecraft:chest":4,"beachparty:sweetberries_cocktail":1,"minecraft:iron_sword":184,"alexsmobs:spawn_egg_laviathan":1,"minecraft:iron_chestplate":2,"minecraft:grass_block":31,"regions_unexplored:maple_sapling":9,"minecraft:iron_helmet":1,"minecraft:stone_brick_stairs":183,"minecraft:stone_bricks":82,"minecraft:bow":1,"minecraft:furnace":4,"regions_unexplored:maple_leaves":25,"beachparty:beach_towel":2,"rpg_companions_tiny_dragons:tiny_dragon_06_spawn_egg":1,"minecraft:spruce_door":3,"beachparty:beach_ball":1,"minecraft:stone_pickaxe":596,"regions_unexplored:large_prismarite_cluster":1,"minecraft:wooden_pickaxe":14,"beachparty:crocs":2,"beachparty:beach_goal":1,"minecraft:blue_bed":2,"minecraft:diamond_axe":364,"minecraft:stone_brick_wall":2,"minecraft:dripstone_block":7,"minecraft:shears":65,"minecraft:bread":84,"beachparty:palm_torch_item":8,"regions_unexplored:maple_stairs":129,"beachparty:radio":5,"sereneseasons:season_sensor":2,"minecraft:bone_meal":52,"minecraft:cherry_boat":1,"beachparty:coconut":7,"minecraft:stone_sword":102,"regions_unexplored:maple_planks":374,"minecraft:torch":53,"minecraft:dirt":623,"beachparty:beach_sun_lounger":7,"minecraft:diamond_helmet":1,"regions_unexplored:magnolia_log":122,"securitycraft:protecto":9,"beachparty:palm_fence":18,"regions_unexplored:maple_fence":9,"regions_unexplored:maple_fence_gate":4,"beachparty:coconut_open":1,"minecraft:iron_axe":488,"beachparty:mini_fridge":2,"minecraft:iron_boots":2,"beachparty:bikini":1,"tombstone:gift":2,"minecraft:cobbled_deepslate":83,"beachparty:palm_chair":12,"beachparty:palm_sprout":5,"minecraft:iron_leggings":2,"minecraft:cooked_mutton":7,"tombstone:scroll_of_knowledge":2,"tombstone:scroll_of_reach":1,"securitycraft:panic_button":1,"minecraft:cherry_planks":15,"regions_unexplored:pink_magnolia_sapling":9,"mcwbridges:balustrade_cobblestone_bridge":1,"minecraft:crafting_table":14,"beachparty:beach_parasol":11,"minecraft:spruce_log":207,"minecraft:diamond_pickaxe":200,"minecraft:diamond_shovel":1462,"regions_unexplored:white_magnolia_sapling":4,"minecraft:iron_pickaxe":970,"travelersbackpack:white_sleeping_bag":5,"beachparty:palm_cabinet":3,"minecraft:spruce_sapling":16,"beachparty:beach_hat":1,"beachparty:floaty_boat":1,"minecraft:cobblestone":118,"beachparty:palm_table":5,"divinerpg:wildwood_blade":3,"minecraft:glass_pane":76,"minecraft:yellow_bed":1,"alexsmobs:animal_dictionary":1,"regions_unexplored:maple_log":22},"minecraft:killed_by":{"divinerpg:pumpkin_spider":1},"minecraft:mined":{"minecraft:white_bed":1,"regions_unexplored:maple_planks":74,"regions_unexplored:maple_log":164,"minecraft:cherry_log":34,"regions_unexplored:magnolia_log":234,"divinerpg:realmite_ore":10,"minecraft:granite":36,"minecraft:grass_block":517,"minecraft:coal_block":8,"minecraft:spawner":1,"regions_unexplored:blue_bioshroom_block":1,"minecraft:tall_seagrass":14,"minecraft:magma_block":19,"minecraft:iron_ore":164,"minecraft:cobbled_deepslate":10,"regions_unexplored:maple_stairs":13,"minecraft:azure_bluet":1,"minecraft:pointed_dripstone":1,"regions_unexplored:silt_grass_block":1,"regions_unexplored:maple_fence_gate":1,"regions_unexplored:white_magnolia_leaves":4,"minecraft:torch":6,"minecraft:poppy":1,"minecraft:chest":1,"regions_unexplored:pink_magnolia_sapling":5,"minecraft:mushroom_stem":1,"minecraft:cobblestone":73,"minecraft:oak_planks":1,"minecraft:wall_torch":2,"minecraft:pink_petals":3,"minecraft:seagrass":1,"regions_unexplored:silver_birch_branch":1,"minecraft:stone_brick_stairs":44,"minecraft:grass":51,"minecraft:sand":95,"minecraft:dirt":741,"minecraft:deepslate":143,"regions_unexplored:tall_pink_bioshroom":1,"minecraft:diamond_ore":21,"minecraft:tuff":7,"minecraft:deepslate_diamond_ore":27,"minecraft:glow_lichen":1,"travelersbackpack:white_sleeping_bag":5,"regions_unexplored:maple_leaves":90,"minecraft:spruce_leaves":51,"mcwbridges:balustrade_cobblestone_bridge":1,"regions_unexplored:large_prismarite_cluster":2,"minecraft:hay_block":74,"minecraft:redstone_ore":6,"minecraft:spruce_sapling":1,"minecraft:furnace":2,"minecraft:andesite":28,"regions_unexplored:orange_maple_leaves":1,"minecraft:deepslate_iron_ore":41,"minecraft:cobblestone_slab":1,"regions_unexplored:red_maple_leaves":3,"regions_unexplored:orange_maple_shrub":1,"regions_unexplored:medium_grass":3,"regions_unexplored:orange_maple_leaf_pile":1,"minecraft:stone":795,"ad_astra:sky_stone":3,"minecraft:podzol":112,"minecraft:glass_pane":4,"minecraft:cherry_planks":8,"minecraft:soul_sand":1,"minecraft:basalt":9,"minecraft:spruce_door":1,"minecraft:crafting_table":7,"minecraft:cornflower":1,"regions_unexplored:pink_magnolia_leaves":15,"regions_unexplored:maple_door":1,"minecraft:tall_grass":5,"minecraft:copper_ore":1,"minecraft:deepslate_gold_ore":2,"minecraft:diorite":96,"minecraft:blue_bed":3,"regions_unexplored:prismarite_cluster":1,"minecraft:ice":3,"minecraft:spruce_log":281,"minecraft:yellow_bed":2,"minecraft:coal_ore":183,"beachparty:radio":1,"minecraft:cherry_leaves":173,"regions_unexplored:silver_birch_log":1,"minecraft:gravel":22,"minecraft:dripstone_block":8,"minecraft:stone_bricks":16,"regions_unexplored:maple_shrub":1,"regions_unexplored:tassel":1}},"DataVersion":3465}