{"stats":{"minecraft:mined":{"minecraft:furnace":2,"minecraft:iron_ore":3,"minecraft:cherry_log":5,"minecraft:torch":2,"minecraft:crafting_table":3,"regions_unexplored:salmon_poppy_bush":1,"minecraft:grass_block":1,"minecraft:coal_ore":33,"minecraft:cherry_leaves":3,"minecraft:gravel":2,"minecraft:dirt":1,"minecraft:stone":40,"minecraft:wall_torch":1},"minecraft:picked_up":{"minecraft:pink_petals":9,"minecraft:raw_iron":3,"minecraft:crafting_table":3,"minecraft:torch":3,"minecraft:gravel":4,"minecraft:porkchop":2,"minecraft:flint":1,"minecraft:cherry_log":5,"regions_unexplored:salmon_poppy_bush":1,"minecraft:dirt":14,"minecraft:coal":33,"minecraft:snowball":94,"minecraft:cobblestone":40,"minecraft:furnace":2},"minecraft:killed":{"minecraft:pig":1,"minecraft:zombie":1},"minecraft:crafted":{"minecraft:cherry_planks":16,"minecraft:cooked_porkchop":2,"minecraft:charcoal":1,"minecraft:crafting_table":2,"minecraft:stick":8,"minecraft:iron_ingot":3,"minecraft:wooden_pickaxe":1,"minecraft:stone_pickaxe":1,"minecraft:snow_block":16,"minecraft:furnace":1,"minecraft:torch":4,"minecraft:stone_axe":1,"minecraft:air":0},"minecraft:dropped":{"minecraft:gravel":4},"minecraft:used":{"regions_unexplored:salmon_poppy_bush":1,"minecraft:stone_pickaxe":73,"minecraft:wooden_pickaxe":6,"minecraft:torch":3,"minecraft:stone_axe":11,"minecraft:pink_petals":9,"minecraft:dirt":4,"minecraft:crafting_table":4,"minecraft:furnace":3,"minecraft:cooked_porkchop":2,"minecraft:snowball":30},"minecraft:custom":{"minecraft:time_since_rest":17351,"minecraft:interact_with_furnace":7,"minecraft:sprint_one_cm":20068,"minecraft:damage_taken":235,"minecraft:walk_one_cm":58857,"minecraft:mob_kills":2,"minecraft:drop":4,"minecraft:damage_dealt":660,"minecraft:swim_one_cm":6331,"minecraft:interact_with_crafting_table":5,"minecraft:fly_one_cm":20497,"minecraft:crouch_one_cm":687,"minecraft:play_time":17351,"tombstone:undead_killed":1,"minecraft:sneak_time":425,"minecraft:walk_under_water_one_cm":239,"minecraft:jump":265,"minecraft:time_since_death":17351,"minecraft:walk_on_water_one_cm":1374,"minecraft:total_world_time":17351,"minecraft:fall_one_cm":7866}},"DataVersion":3465}