{"stats":{"minecraft:mined":{"minecraft:mossy_cobblestone":1,"regions_unexplored:maple_log":35,"minecraft:cherry_log":5,"regions_unexplored:magnolia_log":396,"divinerpg:realmite_ore":13,"minecraft:carved_pumpkin":1,"minecraft:grass_block":81,"regions_unexplored:magnolia_leaves":2,"minecraft:hay_block":33,"divinerpg:plank_design":9,"regions_unexplored:magnolia_stairs":6,"regions_unexplored:pointed_redstone":1,"minecraft:furnace":4,"minecraft:iron_ore":43,"minecraft:andesite":1,"regions_unexplored:orange_maple_leaves":4,"minecraft:pointed_dripstone":6,"minecraft:oak_stairs":1,"regions_unexplored:medium_grass":5,"minecraft:stone":204,"regions_unexplored:white_magnolia_leaves":5,"travelersbackpack:standard":1,"minecraft:crafting_table":9,"minecraft:torch":11,"regions_unexplored:salmon_poppy_bush":1,"regions_unexplored:pink_magnolia_leaves":16,"minecraft:chest":2,"minecraft:tall_grass":8,"minecraft:cobblestone":4,"minecraft:lapis_ore":8,"minecraft:sugar_cane":2,"minecraft:diorite":1,"minecraft:wall_torch":10,"regions_unexplored:redstone_bud":1,"minecraft:lilac":1,"minecraft:yellow_bed":7,"regions_unexplored:magnolia_shrub":1,"minecraft:grass":60,"minecraft:coal_ore":72,"minecraft:oak_log":3,"minecraft:cherry_leaves":3,"minecraft:dripstone_block":2,"minecraft:gravel":2,"minecraft:sand":63,"minecraft:dirt":1,"minecraft:oak_leaves":2},"minecraft:picked_up":{"regions_unexplored:pointed_redstone":2,"minecraft:crafting_table":9,"minecraft:azure_bluet":1,"regions_unexplored:magnolia_log":394,"minecraft:oak_stairs":1,"regions_unexplored:magnolia_shrub":1,"minecraft:cornflower":3,"minecraft:string":2,"regions_unexplored:orange_maple_sapling":1,"minecraft:poppy":1,"minecraft:sugar_cane":7,"minecraft:chest":2,"minecraft:furnace":4,"divinerpg:crab_claw":1,"minecraft:raw_iron":42,"minecraft:stick":10,"minecraft:torch":54,"divinerpg:terran_shards":12,"minecraft:porkchop":6,"minecraft:cherry_log":5,"minecraft:diorite":1,"minecraft:pointed_dripstone":10,"tombstone:grave_dust":2,"minecraft:redstone":23,"regions_unexplored:pink_magnolia_sapling":3,"regions_unexplored:magnolia_stairs":6,"minecraft:arrow":3,"minecraft:rotten_flesh":3,"regions_unexplored:redstone_bulb":4,"divinerpg:raw_realmite":13,"minecraft:hay_block":33,"minecraft:carved_pumpkin":1,"regions_unexplored:magnolia_sapling":4,"minecraft:snowball":94,"minecraft:cobblestone":205,"minecraft:oxeye_daisy":1,"minecraft:pink_petals":9,"minecraft:lilac":1,"minecraft:andesite":1,"minecraft:flint":1,"divinerpg:plank_design":9,"minecraft:oak_log":3,"minecraft:yellow_bed":7,"regions_unexplored:salmon_poppy_bush":1,"minecraft:lapis_lazuli":64,"minecraft:dirt":92,"minecraft:bone":2,"minecraft:apple":1,"regions_unexplored:magnolia_planks":2,"minecraft:wheat_seeds":5,"regions_unexplored:white_magnolia_sapling":1,"minecraft:pumpkin":1,"minecraft:dandelion":3,"minecraft:dripstone_block":2,"minecraft:gravel":4,"minecraft:sand":63,"divinerpg:aquatic_pellets":1,"minecraft:spider_eye":2,"travelersbackpack:standard":1,"regions_unexplored:maple_log":34,"minecraft:coal":123},"minecraft:killed":{"minecraft:spider":2,"minecraft:skeleton":2,"divinerpg:kobblin":8,"minecraft:pig":3,"divinerpg:pumpkin_spider":3,"divinerpg:king_crab":1,"divinerpg:miner":1,"minecraft:zombie":3},"minecraft:broken":{"minecraft:stone_pickaxe":1,"minecraft:iron_axe":1,"minecraft:stone_axe":1,"minecraft:stone_shovel":1},"minecraft:killed_by":{"divinerpg:kobblin":1},"minecraft:crafted":{"minecraft:cherry_planks":16,"minecraft:oak_planks":12,"minecraft:stone_shovel":1,"regions_unexplored:maple_planks":8,"minecraft:furnace":3,"minecraft:stone":63,"minecraft:glass_pane":32,"minecraft:glass":38,"travelersbackpack:white_sleeping_bag":1,"divinerpg:terran_stone":1,"minecraft:iron_axe":2,"minecraft:stone_pickaxe":1,"minecraft:chest":2,"minecraft:stone_bricks":60,"regions_unexplored:magnolia_planks":232,"minecraft:wheat":297,"minecraft:cooked_porkchop":6,"minecraft:crafting_table":2,"travelersbackpack:backpack_tank":2,"minecraft:wooden_pickaxe":1,"travelersbackpack:standard":1,"minecraft:iron_sword":1,"regions_unexplored:magnolia_stairs":60,"minecraft:bucket":1,"divinerpg:plank_design":126,"minecraft:stone_axe":1,"minecraft:bread":99,"minecraft:air":0,"minecraft:charcoal":1,"minecraft:stick":12,"minecraft:iron_ingot":42,"minecraft:iron_pickaxe":1,"minecraft:snow_block":16,"minecraft:torch":4},"minecraft:dropped":{"regions_unexplored:magnolia_planks":2,"minecraft:wheat_seeds":2,"minecraft:flint":1,"minecraft:dirt":10,"minecraft:cherry_planks":1,"minecraft:pumpkin":1,"minecraft:string":1,"minecraft:bone":2,"minecraft:gravel":4,"minecraft:rotten_flesh":3,"minecraft:azure_bluet":1,"minecraft:spider_eye":2},"minecraft:used":{"minecraft:stone_shovel":150,"minecraft:poppy":1,"minecraft:chest":3,"minecraft:iron_sword":103,"minecraft:torch":40,"minecraft:dirt":4,"regions_unexplored:magnolia_sapling":4,"regions_unexplored:magnolia_log":209,"minecraft:snowball":30,"regions_unexplored:orange_maple_sapling":1,"regions_unexplored:salmon_poppy_bush":1,"minecraft:iron_axe":450,"minecraft:oak_stairs":1,"minecraft:stone_bricks":60,"minecraft:furnace":7,"minecraft:water_bucket":18,"minecraft:diorite":1,"regions_unexplored:redstone_bulb":4,"divinerpg:plank_design":97,"minecraft:stone_pickaxe":132,"minecraft:wooden_pickaxe":6,"regions_unexplored:pointed_redstone":2,"regions_unexplored:pink_magnolia_sapling":3,"minecraft:crafting_table":11,"regions_unexplored:magnolia_shrub":1,"minecraft:dripstone_block":2,"minecraft:cornflower":3,"minecraft:oxeye_daisy":1,"regions_unexplored:white_magnolia_sapling":1,"minecraft:bread":49,"minecraft:iron_pickaxe":227,"minecraft:lilac":1,"minecraft:golden_helmet":1,"minecraft:pink_petals":9,"minecraft:stone_axe":93,"minecraft:cobblestone":36,"travelersbackpack:standard":2,"minecraft:cooked_porkchop":6,"regions_unexplored:magnolia_stairs":57,"minecraft:andesite":1,"minecraft:bucket":19,"minecraft:glass_pane":18,"minecraft:yellow_bed":7,"regions_unexplored:maple_log":2,"minecraft:dandelion":3},"minecraft:custom":{"minecraft:mob_kills":24,"minecraft:interact_with_crafting_table":31,"minecraft:open_barrel":2,"minecraft:time_since_death":94718,"minecraft:climb_one_cm":2415,"minecraft:sprint_one_cm":472057,"minecraft:walk_one_cm":408528,"minecraft:drop":20,"minecraft:talked_to_villager":1,"minecraft:play_time":155351,"minecraft:deaths":1,"minecraft:sneak_time":8827,"minecraft:walk_under_water_one_cm":12712,"tombstone:tomb_raiding":1,"minecraft:jump":2367,"minecraft:walk_on_water_one_cm":30573,"minecraft:total_world_time":155351,"minecraft:interact_with_furnace":36,"minecraft:sleep_in_bed":8,"minecraft:time_since_rest":40655,"minecraft:damage_taken":2259,"minecraft:damage_absorbed":120,"minecraft:damage_dealt":7895,"tombstone:cast_on_ally":0,"minecraft:swim_one_cm":49374,"minecraft:fly_one_cm":427921,"minecraft:open_chest":55,"minecraft:crouch_one_cm":27928,"tombstone:undead_killed":6,"minecraft:fall_one_cm":58643}},"DataVersion":3465}