{"stats":{"minecraft:crafted":{"minecraft:cherry_planks":16,"minecraft:smooth_stone":3,"minecraft:oak_planks":16,"minecraft:stone_shovel":2,"minecraft:smooth_stone_slab":6,"divinerpg:realmite_boots":1,"travelersbackpack:crafting_upgrade":1,"divinerpg:realmite_helmet":1,"regions_unexplored:maple_planks":24,"minecraft:furnace":3,"minecraft:stone":194,"divinerpg:realmite_chestplate":1,"travelersbackpack:blank_upgrade":4,"travelersbackpack:gold_tier_upgrade":1,"minecraft:glass_pane":144,"minecraft:glass":89,"travelersbackpack:white_sleeping_bag":1,"divinerpg:terran_stone":1,"divinerpg:realmite_ingot":51,"minecraft:iron_axe":3,"minecraft:stone_pickaxe":1,"minecraft:chest":9,"divinerpg:realmite_leggings":1,"minecraft:stone_bricks":188,"regions_unexplored:magnolia_planks":572,"divinerpg:realmite_hoe":1,"beachparty:palm_planks":4,"minecraft:wheat":297,"travelersbackpack:iron_tier_upgrade":1,"minecraft:cooked_porkchop":6,"minecraft:crafting_table":5,"travelersbackpack:backpack_tank":2,"minecraft:wooden_pickaxe":1,"regions_unexplored:magnolia_door":6,"travelersbackpack:standard":1,"minecraft:iron_sword":2,"minecraft:smithing_table":1,"regions_unexplored:magnolia_stairs":60,"divinerpg:realmite_axe":1,"minecraft:bucket":1,"divinerpg:plank_design":360,"minecraft:stone_axe":1,"divinerpg:realmite_pickaxe":1,"minecraft:air":0,"minecraft:bread":99,"travelersbackpack:pumpkin":1,"divinerpg:realmite_shovel":1,"minecraft:charcoal":1,"minecraft:stick":44,"minecraft:iron_ingot":87,"minecraft:iron_pickaxe":2,"minecraft:snow_block":16,"minecraft:gold_ingot":8,"regions_unexplored:magnolia_fence":21,"minecraft:armor_stand":1,"minecraft:torch":28,"beachparty:palm_glass":8,"minecraft:shears":1},"minecraft:killed":{"divinerpg:caveclops":1,"divinerpg:cave_crawler":2,"minecraft:spider":4,"minecraft:skeleton":9,"divinerpg:kobblin":12,"minecraft:drowned":2,"divinerpg:ender_spider":1,"minecraft:pig":3,"divinerpg:enthralled_dramcryx":1,"divinerpg:pumpkin_spider":4,"minecraft:creeper":1,"divinerpg:king_crab":1,"divinerpg:miner":7,"alexsmobs:cockroach":1,"minecraft:zombie":20,"minecraft:enderman":1},"minecraft:custom":{"minecraft:interact_with_smithing_table":4,"minecraft:mob_kills":72,"minecraft:interact_with_crafting_table":62,"minecraft:open_barrel":2,"minecraft:leave_game":1,"minecraft:time_since_death":273986,"minecraft:climb_one_cm":2415,"minecraft:sprint_one_cm":1186419,"minecraft:walk_one_cm":823201,"minecraft:drop":44,"minecraft:talked_to_villager":1,"minecraft:play_time":334619,"minecraft:sneak_time":31108,"minecraft:deaths":1,"minecraft:walk_under_water_one_cm":45857,"tombstone:tomb_raiding":1,"minecraft:boat_one_cm":7369,"minecraft:jump":4687,"minecraft:walk_on_water_one_cm":65057,"minecraft:total_world_time":334619,"minecraft:interact_with_furnace":77,"minecraft:sleep_in_bed":17,"minecraft:time_since_rest":9093,"minecraft:damage_taken":4843,"minecraft:damage_absorbed":120,"minecraft:damage_dealt":20493,"tombstone:cast_on_ally":0,"minecraft:swim_one_cm":169997,"minecraft:fly_one_cm":925195,"minecraft:crouch_one_cm":137277,"tombstone:undead_killed":38,"minecraft:open_chest":139,"minecraft:fall_one_cm":118502},"minecraft:picked_up":{"regions_unexplored:pointed_redstone":2,"minecraft:crafting_table":10,"minecraft:azure_bluet":1,"minecraft:golden_pickaxe":1,"regions_unexplored:magnolia_log":552,"minecraft:structure_block":7,"minecraft:smithing_table":1,"minecraft:oak_stairs":1,"divinerpg:corrupted_shards":2,"regions_unexplored:magnolia_shrub":1,"minecraft:cornflower":3,"minecraft:string":6,"regions_unexplored:prismarite_cluster":28,"regions_unexplored:spruce_shrub":2,"regions_unexplored:orange_maple_sapling":1,"minecraft:cobbled_deepslate":4,"minecraft:rose_bush":1,"minecraft:iron_pickaxe":1,"minecraft:poppy":1,"minecraft:sugar_cane":7,"minecraft:chest":5,"minecraft:egg":1,"minecraft:furnace":7,"divinerpg:crab_claw":2,"minecraft:raw_iron":78,"minecraft:stick":18,"minecraft:torch":79,"divinerpg:terran_shards":18,"regions_unexplored:blue_lupine":1,"minecraft:porkchop":6,"minecraft:cherry_log":5,"minecraft:pointed_dripstone":10,"tombstone:grave_dust":7,"minecraft:diorite":2,"minecraft:redstone":23,"beachparty:palm_glass":5,"regions_unexplored:pink_magnolia_sapling":3,"regions_unexplored:magnolia_stairs":7,"minecraft:arrow":12,"minecraft:rotten_flesh":12,"regions_unexplored:redstone_bulb":4,"divinerpg:raw_realmite":64,"minecraft:hay_block":33,"minecraft:carved_pumpkin":1,"minecraft:glistering_melon_slice":9,"minecraft:obsidian":7,"regions_unexplored:magnolia_sapling":4,"minecraft:snowball":94,"minecraft:cobblestone":333,"minecraft:oxeye_daisy":2,"minecraft:stripped_oak_log":1,"minecraft:pink_petals":9,"minecraft:birch_leaves":1,"minecraft:lilac":1,"minecraft:andesite":1,"minecraft:potato":29,"beachparty:palm_log":13,"minecraft:flint":1,"divinerpg:plank_design":12,"minecraft:oak_log":3,"minecraft:yellow_bed":11,"minecraft:gunpowder":2,"regions_unexplored:salmon_poppy_bush":1,"minecraft:lapis_lazuli":132,"minecraft:dirt":170,"divinerpg:shuriken":2,"minecraft:leather_boots":1,"regions_unexplored:aster":16,"regions_unexplored:large_prismarite_cluster":2,"minecraft:bone":5,"regions_unexplored:maple_door":2,"minecraft:apple":2,"regions_unexplored:prismaglass":2,"minecraft:wheat_seeds":10,"regions_unexplored:magnolia_planks":2,"minecraft:raw_gold":8,"regions_unexplored:maple_stairs":1,"travelersbackpack:blank_upgrade":2,"divinerpg:realmite_ingot":7,"regions_unexplored:white_magnolia_sapling":5,"minecraft:pumpkin":2,"minecraft:dandelion":3,"minecraft:dripstone_block":2,"minecraft:gravel":6,"minecraft:sand":89,"minecraft:spruce_sapling":2,"minecraft:grass_block":1,"divinerpg:ender_shards":1,"divinerpg:aquatic_pellets":2,"minecraft:spider_eye":3,"travelersbackpack:standard":1,"minecraft:diamond":4,"minecraft:stone_axe":1,"travelersbackpack:pumpkin":1,"regions_unexplored:maple_log":35,"regions_unexplored:magnolia_fence":8,"minecraft:emerald":4,"tombstone:magic_scroll":1,"minecraft:coal":152,"minecraft:oak_leaves":86},"minecraft:broken":{"minecraft:golden_helmet":1,"minecraft:golden_leggings":1,"minecraft:stone_pickaxe":1,"minecraft:iron_axe":3,"minecraft:stone_axe":2,"minecraft:iron_sword":1,"minecraft:iron_pickaxe":1,"minecraft:stone_shovel":1},"minecraft:used":{"regions_unexplored:maple_door":2,"minecraft:armor_stand":1,"minecraft:stone_shovel":213,"minecraft:poppy":1,"minecraft:chest":12,"minecraft:iron_sword":292,"minecraft:torch":106,"minecraft:dirt":1432,"regions_unexplored:magnolia_sapling":4,"regions_unexplored:prismarite_cluster":28,"minecraft:snowball":30,"regions_unexplored:magnolia_log":386,"regions_unexplored:magnolia_fence":28,"regions_unexplored:magnolia_door":4,"regions_unexplored:orange_maple_sapling":1,"regions_unexplored:salmon_poppy_bush":1,"minecraft:iron_axe":684,"minecraft:oak_stairs":1,"regions_unexplored:aster":16,"minecraft:stone_bricks":159,"minecraft:furnace":10,"tombstone:gift":2,"divinerpg:realmite_chestplate":1,"regions_unexplored:spruce_shrub":2,"divinerpg:realmite_axe":5,"minecraft:water_bucket":67,"minecraft:diorite":1,"regions_unexplored:redstone_bulb":4,"minecraft:stone_pickaxe":132,"regions_unexplored:large_prismarite_cluster":1,"divinerpg:plank_design":352,"minecraft:wooden_pickaxe":6,"regions_unexplored:pointed_redstone":2,"regions_unexplored:prismaglass":2,"regions_unexplored:pink_magnolia_sapling":3,"minecraft:oak_leaves":28,"divinerpg:realmite_leggings":1,"minecraft:crafting_table":13,"regions_unexplored:magnolia_shrub":1,"regions_unexplored:magnolia_planks":18,"minecraft:dripstone_block":2,"minecraft:shears":92,"minecraft:cornflower":3,"minecraft:apple":5,"minecraft:oxeye_daisy":1,"regions_unexplored:white_magnolia_sapling":5,"minecraft:bread":123,"minecraft:iron_pickaxe":449,"minecraft:lilac":1,"minecraft:stone_axe":139,"minecraft:pink_petals":9,"minecraft:gravel":2,"minecraft:spruce_sapling":2,"minecraft:golden_helmet":1,"beachparty:palm_glass":3,"travelersbackpack:standard":2,"minecraft:cobblestone":59,"minecraft:andesite":1,"minecraft:cooked_porkchop":6,"regions_unexplored:magnolia_stairs":62,"minecraft:smithing_table":2,"minecraft:glass_pane":138,"minecraft:bucket":68,"minecraft:yellow_bed":11,"regions_unexplored:maple_log":3,"minecraft:dandelion":3,"divinerpg:shuriken":2,"minecraft:golden_pickaxe":2},"minecraft:dropped":{"regions_unexplored:magnolia_planks":2,"minecraft:wheat_seeds":5,"minecraft:cobblestone":15,"minecraft:apple":1,"minecraft:grass_block":1,"minecraft:flint":1,"minecraft:oxeye_daisy":1,"minecraft:dirt":173,"minecraft:rose_bush":1,"minecraft:cherry_planks":1,"regions_unexplored:large_prismarite_cluster":1,"minecraft:pumpkin":2,"minecraft:iron_pickaxe":1,"minecraft:string":1,"minecraft:bone":3,"minecraft:gravel":4,"regions_unexplored:magnolia_fence":1,"minecraft:rotten_flesh":4,"minecraft:structure_block":7,"minecraft:azure_bluet":1,"regions_unexplored:maple_stairs":1,"minecraft:gunpowder":2,"minecraft:leather_boots":1,"minecraft:spider_eye":2,"regions_unexplored:blue_lupine":1},"minecraft:killed_by":{"divinerpg:kobblin":1},"minecraft:mined":{"regions_unexplored:spruce_shrub":1,"minecraft:diamond_ore":3,"beachparty:palm_glass":3,"regions_unexplored:blue_lupine":2,"minecraft:mossy_cobblestone":1,"minecraft:deepslate_diamond_ore":1,"regions_unexplored:maple_log":36,"minecraft:cherry_log":5,"regions_unexplored:magnolia_log":549,"divinerpg:realmite_ore":62,"minecraft:carved_pumpkin":1,"minecraft:grass_block":119,"regions_unexplored:aster":16,"regions_unexplored:magnolia_leaves":5,"minecraft:oxeye_daisy":1,"regions_unexplored:large_prismarite_cluster":2,"minecraft:hay_block":33,"divinerpg:plank_design":12,"regions_unexplored:magnolia_stairs":7,"regions_unexplored:pointed_redstone":1,"minecraft:furnace":7,"minecraft:iron_ore":74,"minecraft:fire":1,"minecraft:andesite":1,"regions_unexplored:purple_lupine":1,"regions_unexplored:orange_maple_leaves":4,"minecraft:red_tulip":1,"minecraft:pointed_dripstone":6,"beachparty:hanging_coconut":1,"minecraft:deepslate_iron_ore":5,"minecraft:oak_stairs":1,"minecraft:stripped_oak_log":1,"regions_unexplored:medium_grass":8,"minecraft:stone":299,"minecraft:smithing_table":1,"beachparty:palm_leaves":1,"regions_unexplored:white_magnolia_leaves":7,"regions_unexplored:magnolia_fence":8,"travelersbackpack:standard":1,"minecraft:crafting_table":10,"minecraft:torch":29,"regions_unexplored:salmon_poppy_bush":1,"regions_unexplored:pink_magnolia_leaves":19,"minecraft:chest":5,"minecraft:rose_bush":1,"regions_unexplored:maple_door":2,"minecraft:tall_grass":8,"minecraft:cobblestone":9,"minecraft:deepslate_gold_ore":1,"minecraft:lapis_ore":8,"minecraft:sugar_cane":2,"regions_unexplored:prismarite_cluster":6,"minecraft:wall_torch":16,"minecraft:diorite":2,"regions_unexplored:redstone_bud":1,"minecraft:lilac":1,"minecraft:birch_leaves":1,"minecraft:yellow_bed":11,"beachparty:palm_log":13,"minecraft:grass":96,"regions_unexplored:magnolia_shrub":1,"minecraft:coal_ore":84,"minecraft:oak_log":3,"minecraft:gravel":2,"minecraft:cherry_leaves":3,"minecraft:sand":89,"minecraft:dripstone_block":2,"minecraft:dirt":21,"regions_unexplored:prismaglass":2,"divinerpg:realmite_ore_deepslate":2,"minecraft:gold_ore":7,"minecraft:oak_leaves":95}},"DataVersion":3465}