{"stats":{"minecraft:mined":{"minecraft:mossy_cobblestone":1,"regions_unexplored:maple_log":33,"minecraft:cherry_log":5,"minecraft:crafting_table":8,"minecraft:torch":6,"regions_unexplored:salmon_poppy_bush":1,"minecraft:grass_block":1,"minecraft:cobblestone":4,"minecraft:wall_torch":6,"minecraft:hay_block":33,"minecraft:furnace":3,"minecraft:iron_ore":22,"regions_unexplored:orange_maple_leaves":3,"minecraft:yellow_bed":5,"minecraft:grass":6,"minecraft:oak_log":3,"minecraft:coal_ore":60,"minecraft:oak_stairs":1,"minecraft:cherry_leaves":3,"minecraft:gravel":2,"minecraft:sand":12,"minecraft:dirt":1,"minecraft:stone":48,"minecraft:oak_leaves":2},"minecraft:picked_up":{"minecraft:pink_petals":9,"minecraft:crafting_table":8,"minecraft:azure_bluet":1,"minecraft:oak_stairs":1,"minecraft:flint":1,"minecraft:oak_log":3,"minecraft:yellow_bed":5,"regions_unexplored:salmon_poppy_bush":1,"minecraft:cornflower":3,"minecraft:string":1,"minecraft:dirt":14,"regions_unexplored:orange_maple_sapling":1,"minecraft:wheat_seeds":1,"minecraft:poppy":1,"minecraft:furnace":3,"minecraft:stick":6,"minecraft:raw_iron":22,"minecraft:pumpkin":1,"minecraft:dandelion":3,"minecraft:torch":44,"divinerpg:terran_shards":6,"minecraft:sand":12,"minecraft:gravel":4,"minecraft:porkchop":6,"minecraft:cherry_log":5,"minecraft:spider_eye":1,"minecraft:hay_block":33,"regions_unexplored:maple_log":32,"minecraft:coal":60,"minecraft:snowball":94,"minecraft:cobblestone":49,"minecraft:oxeye_daisy":1},"minecraft:killed":{"minecraft:pig":3,"divinerpg:pumpkin_spider":1,"minecraft:zombie":1,"divinerpg:kobblin":3},"minecraft:broken":{"minecraft:stone_pickaxe":1,"minecraft:stone_axe":1},"minecraft:killed_by":{"divinerpg:kobblin":1},"minecraft:crafted":{"minecraft:cherry_planks":16,"minecraft:oak_planks":12,"minecraft:stone_shovel":1,"minecraft:cooked_porkchop":6,"minecraft:crafting_table":2,"travelersbackpack:backpack_tank":1,"minecraft:wooden_pickaxe":1,"minecraft:furnace":1,"minecraft:bucket":1,"minecraft:stone_axe":1,"minecraft:bread":99,"minecraft:air":0,"minecraft:glass":6,"travelersbackpack:white_sleeping_bag":1,"minecraft:charcoal":1,"minecraft:stick":12,"minecraft:iron_ingot":31,"minecraft:iron_pickaxe":1,"minecraft:stone_pickaxe":1,"minecraft:chest":1,"minecraft:snow_block":16,"minecraft:torch":4,"minecraft:wheat":297},"minecraft:dropped":{"minecraft:gravel":4,"minecraft:wheat_seeds":1,"minecraft:azure_bluet":1,"minecraft:flint":1,"minecraft:dirt":10,"minecraft:cherry_planks":1,"minecraft:spider_eye":1},"minecraft:used":{"minecraft:water_bucket":10,"minecraft:stone_shovel":12,"minecraft:stone_pickaxe":132,"minecraft:poppy":1,"minecraft:chest":1,"minecraft:wooden_pickaxe":6,"minecraft:torch":13,"minecraft:dirt":4,"minecraft:crafting_table":10,"minecraft:snowball":30,"minecraft:cornflower":3,"regions_unexplored:orange_maple_sapling":1,"minecraft:oxeye_daisy":1,"minecraft:oak_stairs":1,"regions_unexplored:salmon_poppy_bush":1,"minecraft:bread":16,"minecraft:iron_pickaxe":2,"minecraft:golden_helmet":1,"minecraft:stone_axe":93,"minecraft:pink_petals":9,"minecraft:cobblestone":21,"minecraft:furnace":4,"minecraft:cooked_porkchop":6,"minecraft:bucket":11,"minecraft:yellow_bed":5,"minecraft:dandelion":3},"minecraft:custom":{"minecraft:interact_with_furnace":15,"minecraft:mob_kills":9,"minecraft:interact_with_crafting_table":16,"minecraft:open_barrel":2,"minecraft:time_since_death":4718,"minecraft:sleep_in_bed":3,"minecraft:climb_one_cm":2415,"minecraft:time_since_rest":4748,"minecraft:sprint_one_cm":163950,"minecraft:damage_taken":1282,"minecraft:walk_one_cm":183555,"minecraft:drop":10,"minecraft:damage_dealt":2635,"minecraft:talked_to_villager":1,"minecraft:swim_one_cm":8171,"minecraft:fly_one_cm":160366,"minecraft:open_chest":31,"minecraft:crouch_one_cm":3566,"minecraft:play_time":65351,"tombstone:undead_killed":1,"minecraft:deaths":1,"minecraft:sneak_time":1432,"minecraft:walk_under_water_one_cm":7594,"minecraft:jump":1077,"minecraft:walk_on_water_one_cm":8137,"minecraft:total_world_time":65351,"minecraft:fall_one_cm":27654}},"DataVersion":3465}