{"stats":{"minecraft:mined":{"minecraft:mossy_cobblestone":1,"regions_unexplored:maple_log":36,"minecraft:cherry_log":5,"regions_unexplored:magnolia_log":510,"divinerpg:realmite_ore":13,"minecraft:carved_pumpkin":1,"minecraft:grass_block":84,"regions_unexplored:magnolia_leaves":3,"regions_unexplored:large_prismarite_cluster":2,"minecraft:hay_block":33,"divinerpg:plank_design":12,"regions_unexplored:magnolia_stairs":7,"regions_unexplored:pointed_redstone":1,"minecraft:furnace":4,"minecraft:iron_ore":43,"minecraft:andesite":1,"regions_unexplored:orange_maple_leaves":4,"minecraft:pointed_dripstone":6,"minecraft:oak_stairs":1,"regions_unexplored:medium_grass":6,"minecraft:stone":268,"regions_unexplored:magnolia_fence":8,"regions_unexplored:white_magnolia_leaves":7,"travelersbackpack:standard":1,"minecraft:crafting_table":9,"minecraft:torch":12,"regions_unexplored:salmon_poppy_bush":1,"regions_unexplored:pink_magnolia_leaves":19,"minecraft:chest":2,"minecraft:rose_bush":1,"minecraft:tall_grass":8,"minecraft:cobblestone":4,"minecraft:lapis_ore":8,"minecraft:sugar_cane":2,"minecraft:diorite":1,"regions_unexplored:prismarite_cluster":6,"minecraft:wall_torch":11,"regions_unexplored:redstone_bud":1,"minecraft:lilac":1,"minecraft:birch_leaves":1,"minecraft:yellow_bed":11,"regions_unexplored:magnolia_shrub":1,"minecraft:grass":70,"minecraft:coal_ore":72,"minecraft:oak_log":3,"minecraft:cherry_leaves":3,"minecraft:dripstone_block":2,"minecraft:gravel":2,"minecraft:sand":65,"minecraft:dirt":5,"regions_unexplored:prismaglass":2,"minecraft:oak_leaves":93},"minecraft:picked_up":{"regions_unexplored:pointed_redstone":2,"minecraft:crafting_table":9,"minecraft:azure_bluet":1,"regions_unexplored:magnolia_log":514,"minecraft:oak_stairs":1,"regions_unexplored:magnolia_shrub":1,"minecraft:cornflower":3,"regions_unexplored:prismarite_cluster":28,"minecraft:string":4,"regions_unexplored:orange_maple_sapling":1,"minecraft:rose_bush":1,"minecraft:poppy":1,"minecraft:iron_pickaxe":1,"minecraft:sugar_cane":7,"minecraft:chest":2,"minecraft:furnace":4,"divinerpg:crab_claw":1,"minecraft:raw_iron":42,"minecraft:stick":16,"minecraft:torch":56,"divinerpg:terran_shards":17,"minecraft:porkchop":6,"minecraft:cherry_log":5,"minecraft:diorite":1,"minecraft:pointed_dripstone":10,"tombstone:grave_dust":2,"minecraft:redstone":23,"regions_unexplored:pink_magnolia_sapling":3,"regions_unexplored:magnolia_stairs":7,"minecraft:arrow":6,"minecraft:rotten_flesh":5,"regions_unexplored:redstone_bulb":4,"divinerpg:raw_realmite":13,"minecraft:hay_block":33,"minecraft:carved_pumpkin":1,"regions_unexplored:magnolia_sapling":4,"minecraft:snowball":94,"minecraft:cobblestone":269,"minecraft:oxeye_daisy":1,"minecraft:pink_petals":9,"minecraft:birch_leaves":1,"minecraft:lilac":1,"minecraft:andesite":1,"minecraft:flint":1,"divinerpg:plank_design":12,"minecraft:oak_log":3,"minecraft:yellow_bed":11,"minecraft:gunpowder":2,"regions_unexplored:salmon_poppy_bush":1,"minecraft:lapis_lazuli":64,"minecraft:dirt":99,"divinerpg:shuriken":2,"regions_unexplored:large_prismarite_cluster":2,"minecraft:bone":2,"minecraft:apple":1,"regions_unexplored:prismaglass":2,"regions_unexplored:magnolia_planks":2,"minecraft:wheat_seeds":6,"regions_unexplored:white_magnolia_sapling":5,"minecraft:pumpkin":2,"minecraft:dandelion":3,"minecraft:dripstone_block":2,"minecraft:gravel":4,"minecraft:sand":65,"minecraft:spruce_sapling":2,"divinerpg:aquatic_pellets":1,"minecraft:spider_eye":2,"travelersbackpack:standard":1,"minecraft:stone_axe":1,"regions_unexplored:maple_log":35,"regions_unexplored:magnolia_fence":8,"minecraft:coal":123,"minecraft:oak_leaves":86},"minecraft:killed":{"minecraft:spider":2,"minecraft:skeleton":4,"divinerpg:kobblin":10,"minecraft:pig":3,"divinerpg:pumpkin_spider":4,"minecraft:creeper":1,"divinerpg:king_crab":1,"divinerpg:miner":2,"minecraft:zombie":5},"minecraft:broken":{"minecraft:golden_helmet":1,"minecraft:stone_pickaxe":1,"minecraft:iron_axe":2,"minecraft:stone_axe":2,"minecraft:iron_pickaxe":1,"minecraft:stone_shovel":1},"minecraft:killed_by":{"divinerpg:kobblin":1},"minecraft:crafted":{"minecraft:cherry_planks":16,"minecraft:oak_planks":12,"minecraft:stone_shovel":1,"regions_unexplored:maple_planks":8,"minecraft:furnace":3,"minecraft:stone":127,"minecraft:glass_pane":144,"minecraft:glass":65,"travelersbackpack:white_sleeping_bag":1,"divinerpg:terran_stone":1,"minecraft:iron_axe":3,"minecraft:stone_pickaxe":1,"minecraft:chest":2,"minecraft:stone_bricks":124,"regions_unexplored:magnolia_planks":496,"minecraft:wheat":297,"minecraft:cooked_porkchop":6,"minecraft:crafting_table":2,"regions_unexplored:magnolia_door":6,"travelersbackpack:backpack_tank":2,"minecraft:wooden_pickaxe":1,"travelersbackpack:standard":1,"minecraft:iron_sword":1,"regions_unexplored:magnolia_stairs":60,"minecraft:bucket":1,"divinerpg:plank_design":360,"minecraft:stone_axe":1,"minecraft:bread":99,"minecraft:air":0,"minecraft:charcoal":1,"minecraft:stick":20,"minecraft:iron_ingot":42,"minecraft:iron_pickaxe":2,"regions_unexplored:magnolia_fence":9,"minecraft:snow_block":16,"minecraft:torch":28,"minecraft:shears":1},"minecraft:dropped":{"regions_unexplored:magnolia_planks":2,"minecraft:wheat_seeds":2,"minecraft:flint":1,"minecraft:dirt":10,"minecraft:rose_bush":1,"minecraft:cherry_planks":1,"regions_unexplored:large_prismarite_cluster":1,"minecraft:pumpkin":2,"minecraft:iron_pickaxe":1,"minecraft:string":1,"minecraft:bone":2,"minecraft:gravel":4,"regions_unexplored:magnolia_fence":1,"minecraft:rotten_flesh":3,"minecraft:azure_bluet":1,"minecraft:gunpowder":2,"minecraft:spider_eye":2},"minecraft:used":{"minecraft:stone_shovel":150,"minecraft:poppy":1,"minecraft:chest":3,"minecraft:iron_sword":156,"minecraft:torch":72,"minecraft:dirt":8,"regions_unexplored:magnolia_sapling":4,"regions_unexplored:prismarite_cluster":28,"regions_unexplored:magnolia_log":386,"minecraft:snowball":30,"regions_unexplored:magnolia_fence":8,"regions_unexplored:magnolia_door":4,"regions_unexplored:orange_maple_sapling":1,"regions_unexplored:salmon_poppy_bush":1,"minecraft:iron_axe":541,"minecraft:oak_stairs":1,"minecraft:stone_bricks":124,"minecraft:furnace":7,"tombstone:gift":2,"minecraft:water_bucket":20,"minecraft:diorite":1,"regions_unexplored:redstone_bulb":4,"divinerpg:plank_design":352,"regions_unexplored:large_prismarite_cluster":1,"minecraft:stone_pickaxe":132,"minecraft:wooden_pickaxe":6,"regions_unexplored:pointed_redstone":2,"regions_unexplored:prismaglass":2,"minecraft:oak_leaves":28,"regions_unexplored:pink_magnolia_sapling":3,"minecraft:crafting_table":11,"regions_unexplored:magnolia_shrub":1,"regions_unexplored:magnolia_planks":18,"minecraft:dripstone_block":2,"minecraft:shears":92,"minecraft:cornflower":3,"minecraft:oxeye_daisy":1,"regions_unexplored:white_magnolia_sapling":5,"minecraft:bread":71,"minecraft:iron_pickaxe":296,"minecraft:spruce_sapling":2,"minecraft:lilac":1,"minecraft:golden_helmet":1,"minecraft:pink_petals":9,"minecraft:stone_axe":139,"minecraft:cobblestone":36,"travelersbackpack:standard":2,"minecraft:cooked_porkchop":6,"regions_unexplored:magnolia_stairs":62,"minecraft:andesite":1,"minecraft:bucket":21,"minecraft:glass_pane":129,"minecraft:yellow_bed":11,"regions_unexplored:maple_log":3,"minecraft:dandelion":3,"divinerpg:shuriken":2},"minecraft:custom":{"minecraft:mob_kills":33,"minecraft:interact_with_crafting_table":44,"minecraft:open_barrel":2,"minecraft:time_since_death":154718,"minecraft:climb_one_cm":2415,"minecraft:sprint_one_cm":739894,"minecraft:walk_one_cm":583840,"minecraft:drop":27,"minecraft:talked_to_villager":1,"minecraft:play_time":215351,"minecraft:deaths":1,"minecraft:sneak_time":13896,"minecraft:walk_under_water_one_cm":14109,"tombstone:tomb_raiding":1,"minecraft:jump":3092,"minecraft:walk_on_water_one_cm":37877,"minecraft:total_world_time":215351,"minecraft:interact_with_furnace":49,"minecraft:sleep_in_bed":13,"minecraft:time_since_rest":9777,"minecraft:damage_taken":2874,"minecraft:damage_absorbed":120,"minecraft:damage_dealt":10389,"tombstone:cast_on_ally":0,"minecraft:swim_one_cm":84977,"minecraft:fly_one_cm":588220,"minecraft:open_chest":79,"minecraft:crouch_one_cm":49894,"tombstone:undead_killed":11,"minecraft:fall_one_cm":81730}},"DataVersion":3465}