{"stats":{"minecraft:mined":{"minecraft:mossy_cobblestone":1,"regions_unexplored:maple_log":33,"regions_unexplored:white_magnolia_leaves":2,"minecraft:cherry_log":5,"regions_unexplored:magnolia_log":69,"minecraft:carved_pumpkin":1,"travelersbackpack:standard":1,"minecraft:crafting_table":9,"minecraft:torch":8,"regions_unexplored:salmon_poppy_bush":1,"minecraft:grass_block":1,"regions_unexplored:pink_magnolia_leaves":1,"minecraft:chest":2,"minecraft:cobblestone":4,"regions_unexplored:magnolia_leaves":1,"minecraft:sugar_cane":2,"minecraft:wall_torch":7,"minecraft:hay_block":33,"minecraft:furnace":4,"minecraft:iron_ore":22,"regions_unexplored:orange_maple_leaves":4,"minecraft:yellow_bed":6,"minecraft:grass":10,"minecraft:oak_log":3,"minecraft:coal_ore":61,"minecraft:oak_stairs":1,"minecraft:cherry_leaves":3,"minecraft:gravel":2,"minecraft:sand":12,"minecraft:dirt":1,"regions_unexplored:medium_grass":1,"minecraft:stone":48,"minecraft:oak_leaves":2},"minecraft:picked_up":{"minecraft:pink_petals":9,"minecraft:crafting_table":9,"minecraft:azure_bluet":1,"regions_unexplored:magnolia_log":68,"minecraft:oak_stairs":1,"minecraft:flint":1,"minecraft:oak_log":3,"minecraft:yellow_bed":6,"regions_unexplored:salmon_poppy_bush":1,"minecraft:cornflower":3,"minecraft:string":1,"minecraft:dirt":14,"regions_unexplored:orange_maple_sapling":1,"minecraft:apple":1,"minecraft:wheat_seeds":1,"minecraft:poppy":1,"minecraft:sugar_cane":7,"minecraft:chest":2,"minecraft:furnace":4,"divinerpg:crab_claw":1,"minecraft:stick":6,"minecraft:raw_iron":22,"minecraft:pumpkin":1,"minecraft:dandelion":3,"minecraft:torch":47,"divinerpg:terran_shards":10,"minecraft:sand":12,"minecraft:gravel":4,"minecraft:porkchop":6,"minecraft:cherry_log":5,"divinerpg:aquatic_pellets":1,"minecraft:spider_eye":2,"travelersbackpack:standard":1,"minecraft:hay_block":33,"minecraft:carved_pumpkin":1,"regions_unexplored:maple_log":32,"minecraft:coal":112,"minecraft:snowball":94,"minecraft:cobblestone":49,"minecraft:oxeye_daisy":1},"minecraft:killed":{"minecraft:pig":3,"divinerpg:pumpkin_spider":3,"divinerpg:king_crab":1,"minecraft:zombie":1,"divinerpg:kobblin":5},"minecraft:broken":{"minecraft:stone_pickaxe":1,"minecraft:stone_axe":1},"minecraft:killed_by":{"divinerpg:kobblin":1},"minecraft:crafted":{"minecraft:cherry_planks":16,"minecraft:oak_planks":12,"minecraft:stone_shovel":1,"minecraft:cooked_porkchop":6,"minecraft:crafting_table":2,"travelersbackpack:standard":1,"regions_unexplored:maple_planks":8,"travelersbackpack:backpack_tank":2,"minecraft:wooden_pickaxe":1,"minecraft:iron_sword":1,"minecraft:furnace":1,"minecraft:bucket":1,"minecraft:stone_axe":1,"minecraft:bread":99,"minecraft:air":0,"minecraft:glass":12,"travelersbackpack:white_sleeping_bag":1,"minecraft:charcoal":1,"minecraft:iron_axe":1,"minecraft:stick":12,"minecraft:iron_ingot":31,"minecraft:iron_pickaxe":1,"minecraft:stone_pickaxe":1,"minecraft:chest":2,"minecraft:snow_block":16,"minecraft:torch":4,"minecraft:wheat":297},"minecraft:dropped":{"minecraft:gravel":4,"minecraft:wheat_seeds":1,"minecraft:azure_bluet":1,"minecraft:flint":1,"minecraft:dirt":10,"minecraft:cherry_planks":1,"minecraft:spider_eye":2,"minecraft:pumpkin":1},"minecraft:used":{"minecraft:water_bucket":10,"minecraft:stone_shovel":14,"minecraft:stone_pickaxe":132,"minecraft:poppy":1,"minecraft:chest":3,"minecraft:wooden_pickaxe":6,"minecraft:iron_sword":52,"minecraft:torch":17,"minecraft:dirt":4,"minecraft:crafting_table":11,"minecraft:snowball":30,"minecraft:cornflower":3,"regions_unexplored:orange_maple_sapling":1,"minecraft:oxeye_daisy":1,"minecraft:iron_axe":80,"minecraft:oak_stairs":1,"regions_unexplored:salmon_poppy_bush":1,"minecraft:bread":30,"minecraft:iron_pickaxe":6,"minecraft:golden_helmet":1,"minecraft:stone_axe":93,"minecraft:pink_petals":9,"minecraft:cobblestone":30,"travelersbackpack:standard":1,"minecraft:furnace":5,"minecraft:cooked_porkchop":6,"minecraft:bucket":11,"minecraft:yellow_bed":6,"minecraft:dandelion":3},"minecraft:custom":{"minecraft:interact_with_furnace":19,"minecraft:mob_kills":14,"minecraft:interact_with_crafting_table":18,"minecraft:open_barrel":2,"minecraft:time_since_death":34718,"minecraft:sleep_in_bed":6,"minecraft:climb_one_cm":2415,"minecraft:time_since_rest":11883,"minecraft:sprint_one_cm":262933,"minecraft:damage_absorbed":120,"minecraft:damage_taken":1836,"minecraft:walk_one_cm":223118,"minecraft:drop":12,"minecraft:damage_dealt":5337,"tombstone:cast_on_ally":0,"minecraft:talked_to_villager":1,"minecraft:swim_one_cm":37907,"minecraft:fly_one_cm":322173,"minecraft:open_chest":34,"minecraft:crouch_one_cm":4761,"minecraft:play_time":95351,"tombstone:undead_killed":1,"minecraft:deaths":1,"minecraft:sneak_time":2017,"minecraft:walk_under_water_one_cm":9177,"tombstone:tomb_raiding":1,"minecraft:jump":1679,"minecraft:walk_on_water_one_cm":19321,"minecraft:total_world_time":95351,"minecraft:fall_one_cm":37030}},"DataVersion":3465}