{"stats":{"minecraft:crafted":{"minecraft:smooth_stone":3,"minecraft:oak_planks":16,"travelersbackpack:crafting_upgrade":1,"hangglider:hang_glider":1,"regions_unexplored:maple_planks":24,"minecraft:stone":194,"minecraft:glass":89,"divinerpg:terran_stone":1,"minecraft:chest":9,"minecraft:stone_bricks":188,"travelersbackpack:iron_tier_upgrade":1,"minecraft:cooked_porkchop":6,"minecraft:crafting_table":5,"minecraft:wooden_pickaxe":1,"travelersbackpack:standard":1,"minecraft:smithing_table":1,"regions_unexplored:magnolia_stairs":60,"divinerpg:plank_design":360,"divinerpg:realmite_pickaxe":1,"divinerpg:realmite_shovel":1,"minecraft:charcoal":1,"minecraft:stick":48,"minecraft:iron_ingot":87,"minecraft:iron_pickaxe":2,"minecraft:snow_block":16,"minecraft:gold_ingot":8,"regions_unexplored:magnolia_fence":21,"minecraft:shears":1,"hangglider:glider_framework":1,"minecraft:cherry_planks":16,"minecraft:stone_shovel":2,"minecraft:smooth_stone_slab":6,"divinerpg:realmite_boots":1,"divinerpg:realmite_helmet":1,"minecraft:furnace":3,"divinerpg:realmite_chestplate":1,"hangglider:glider_wing":2,"travelersbackpack:blank_upgrade":4,"travelersbackpack:gold_tier_upgrade":1,"minecraft:glass_pane":144,"travelersbackpack:white_sleeping_bag":1,"minecraft:iron_axe":3,"divinerpg:realmite_ingot":51,"minecraft:stone_pickaxe":1,"divinerpg:realmite_leggings":1,"regions_unexplored:magnolia_planks":572,"divinerpg:realmite_hoe":1,"beachparty:palm_planks":8,"minecraft:wheat":297,"travelersbackpack:backpack_tank":2,"regions_unexplored:magnolia_door":6,"minecraft:iron_sword":2,"divinerpg:realmite_axe":1,"minecraft:bucket":1,"minecraft:stone_axe":1,"minecraft:bread":99,"minecraft:air":0,"travelersbackpack:pumpkin":1,"minecraft:armor_stand":1,"minecraft:torch":28,"beachparty:palm_glass":8},"minecraft:custom":{"minecraft:interact_with_crafting_table":65,"minecraft:open_barrel":2,"minecraft:leave_game":2,"minecraft:time_since_death":308810,"minecraft:sprint_one_cm":1330585,"minecraft:drop":49,"minecraft:talked_to_villager":2,"minecraft:play_time":369443,"minecraft:deaths":1,"tombstone:tomb_raiding":1,"minecraft:jump":5284,"minecraft:walk_on_water_one_cm":74816,"minecraft:interact_with_furnace":77,"minecraft:sleep_in_bed":18,"minecraft:damage_dealt":21824,"minecraft:crouch_one_cm":137735,"tombstone:undead_killed":41,"minecraft:interact_with_smithing_table":4,"minecraft:mob_kills":82,"minecraft:climb_one_cm":2730,"minecraft:walk_one_cm":933446,"minecraft:sneak_time":31247,"minecraft:walk_under_water_one_cm":49615,"minecraft:boat_one_cm":7369,"minecraft:total_world_time":369443,"tombstone:raider_killed":1,"minecraft:time_since_rest":30804,"minecraft:damage_taken":5381,"minecraft:damage_absorbed":120,"tombstone:cast_on_ally":0,"minecraft:swim_one_cm":213207,"minecraft:fly_one_cm":1076387,"minecraft:open_chest":159,"minecraft:fall_one_cm":131652},"minecraft:killed":{"divinerpg:caveclops":1,"divinerpg:cave_crawler":2,"minecraft:spider":4,"minecraft:skeleton":10,"minecraft:pig":3,"divinerpg:enthralled_dramcryx":1,"minecraft:creeper":1,"minecraft:sheep":4,"divinerpg:king_crab":1,"minecraft:zombie":22,"divinerpg:kobblin":12,"minecraft:drowned":2,"divinerpg:ender_spider":1,"divinerpg:pumpkin_spider":4,"divinerpg:miner":7,"alexsmobs:cockroach":1,"minecraft:enderman":2},"minecraft:picked_up":{"regions_unexplored:pointed_redstone":2,"regions_unexplored:magnolia_log":552,"minecraft:smithing_table":1,"minecraft:oak_stairs":1,"regions_unexplored:magnolia_shrub":1,"regions_unexplored:prismarite_cluster":28,"minecraft:string":6,"minecraft:cobbled_deepslate":4,"minecraft:rose_bush":1,"minecraft:iron_pickaxe":1,"minecraft:furnace":7,"minecraft:stick":18,"minecraft:torch":80,"minecraft:porkchop":6,"minecraft:cherry_log":5,"tombstone:grave_dust":7,"minecraft:pointed_dripstone":10,"minecraft:diorite":2,"beachparty:palm_glass":5,"regions_unexplored:pink_magnolia_sapling":3,"regions_unexplored:magnolia_stairs":7,"minecraft:rotten_flesh":13,"minecraft:carved_pumpkin":1,"minecraft:obsidian":7,"minecraft:snowball":94,"regions_unexplored:magnolia_sapling":4,"minecraft:cobblestone":333,"minecraft:pink_petals":9,"minecraft:lilac":1,"minecraft:cooked_beef":13,"minecraft:andesite":1,"minecraft:potato":29,"minecraft:flint":1,"beachparty:palm_log":13,"minecraft:lapis_lazuli":132,"minecraft:dirt":450,"minecraft:leather_boots":1,"minecraft:bone":6,"regions_unexplored:magnolia_planks":2,"minecraft:wheat_seeds":20,"minecraft:raw_gold":8,"regions_unexplored:maple_stairs":1,"regions_unexplored:pink_bioshroom":6,"divinerpg:realmite_ingot":7,"regions_unexplored:tall_blue_bioshroom":1,"minecraft:sand":90,"minecraft:grass_block":1,"divinerpg:aquatic_pellets":2,"minecraft:diamond":4,"minecraft:emerald":4,"minecraft:oak_leaves":86,"minecraft:crafting_table":10,"minecraft:azure_bluet":1,"minecraft:golden_pickaxe":1,"minecraft:structure_block":7,"divinerpg:corrupted_shards":2,"regions_unexplored:blue_bioshroom":4,"minecraft:cornflower":3,"regions_unexplored:spruce_shrub":2,"regions_unexplored:orange_maple_sapling":1,"minecraft:light_gray_wool":1,"minecraft:poppy":1,"minecraft:sugar_cane":7,"minecraft:chest":5,"minecraft:egg":1,"divinerpg:crab_claw":2,"minecraft:raw_iron":78,"divinerpg:terran_shards":20,"regions_unexplored:blue_lupine":1,"minecraft:redstone":23,"regions_unexplored:redstone_bulb":4,"minecraft:arrow":13,"divinerpg:raw_realmite":64,"minecraft:hay_block":39,"minecraft:glistering_melon_slice":9,"minecraft:mutton":8,"minecraft:white_wool":3,"minecraft:oxeye_daisy":2,"minecraft:stripped_oak_log":1,"minecraft:birch_leaves":1,"divinerpg:plank_design":12,"minecraft:oak_log":3,"minecraft:yellow_bed":11,"regions_unexplored:salmon_poppy_bush":1,"minecraft:gunpowder":2,"divinerpg:shuriken":2,"regions_unexplored:aster":18,"regions_unexplored:large_prismarite_cluster":2,"regions_unexplored:maple_door":2,"minecraft:apple":22,"regions_unexplored:prismaglass":2,"travelersbackpack:blank_upgrade":2,"regions_unexplored:white_magnolia_sapling":5,"minecraft:pumpkin":2,"minecraft:dandelion":3,"minecraft:dripstone_block":2,"minecraft:gravel":6,"minecraft:spruce_sapling":2,"divinerpg:ender_shards":1,"minecraft:spider_eye":3,"travelersbackpack:standard":1,"minecraft:stone_axe":1,"travelersbackpack:pumpkin":1,"regions_unexplored:maple_log":35,"regions_unexplored:magnolia_fence":8,"tombstone:magic_scroll":1,"minecraft:coal":152,"minecraft:ender_pearl":1},"minecraft:dropped":{"minecraft:flint":1,"minecraft:dirt":453,"regions_unexplored:large_prismarite_cluster":1,"minecraft:iron_pickaxe":1,"minecraft:bone":3,"minecraft:gravel":4,"minecraft:rotten_flesh":4,"minecraft:azure_bluet":1,"minecraft:gunpowder":2,"minecraft:leather_boots":1,"regions_unexplored:magnolia_planks":2,"minecraft:wheat_seeds":5,"minecraft:cobblestone":15,"minecraft:apple":1,"minecraft:grass_block":1,"minecraft:oxeye_daisy":1,"minecraft:rose_bush":1,"minecraft:cherry_planks":1,"minecraft:pumpkin":2,"minecraft:string":1,"regions_unexplored:magnolia_fence":1,"minecraft:structure_block":7,"regions_unexplored:maple_stairs":1,"minecraft:spider_eye":2,"regions_unexplored:blue_lupine":1},"minecraft:broken":{"minecraft:golden_helmet":1,"minecraft:golden_leggings":1,"minecraft:stone_pickaxe":1,"minecraft:stone_axe":2,"minecraft:iron_sword":1,"minecraft:stone_shovel":1,"minecraft:iron_axe":3,"minecraft:iron_pickaxe":1},"minecraft:used":{"regions_unexplored:maple_door":2,"minecraft:poppy":1,"minecraft:chest":12,"minecraft:iron_sword":324,"regions_unexplored:prismarite_cluster":28,"minecraft:snowball":30,"regions_unexplored:magnolia_fence":28,"regions_unexplored:orange_maple_sapling":1,"regions_unexplored:salmon_poppy_bush":1,"regions_unexplored:aster":18,"minecraft:stone_bricks":159,"minecraft:furnace":10,"minecraft:egg":1,"regions_unexplored:spruce_shrub":2,"divinerpg:realmite_axe":11,"minecraft:diorite":1,"regions_unexplored:redstone_bulb":4,"regions_unexplored:large_prismarite_cluster":1,"minecraft:stone_pickaxe":132,"minecraft:wooden_pickaxe":6,"regions_unexplored:pointed_redstone":2,"regions_unexplored:prismaglass":2,"minecraft:oak_leaves":28,"divinerpg:realmite_leggings":1,"minecraft:dripstone_block":2,"minecraft:shears":92,"minecraft:bread":123,"minecraft:gravel":2,"minecraft:lilac":1,"minecraft:golden_helmet":1,"minecraft:smithing_table":2,"minecraft:andesite":1,"minecraft:golden_pickaxe":2,"divinerpg:realmite_pickaxe":1,"minecraft:armor_stand":1,"minecraft:stone_shovel":213,"minecraft:torch":108,"minecraft:dirt":1432,"regions_unexplored:magnolia_sapling":4,"regions_unexplored:magnolia_log":386,"regions_unexplored:magnolia_door":4,"minecraft:iron_axe":684,"minecraft:oak_stairs":1,"tombstone:gift":2,"divinerpg:realmite_chestplate":1,"minecraft:cooked_beef":1,"minecraft:water_bucket":71,"divinerpg:plank_design":352,"regions_unexplored:pink_magnolia_sapling":3,"minecraft:crafting_table":13,"regions_unexplored:magnolia_shrub":1,"regions_unexplored:magnolia_planks":18,"minecraft:cornflower":3,"minecraft:apple":32,"minecraft:oxeye_daisy":1,"regions_unexplored:white_magnolia_sapling":5,"minecraft:iron_pickaxe":450,"divinerpg:realmite_shovel":293,"minecraft:spruce_sapling":2,"minecraft:stone_axe":139,"minecraft:pink_petals":9,"minecraft:cobblestone":59,"travelersbackpack:standard":2,"beachparty:palm_glass":3,"minecraft:cooked_porkchop":6,"regions_unexplored:magnolia_stairs":62,"minecraft:bucket":72,"minecraft:glass_pane":138,"minecraft:yellow_bed":11,"regions_unexplored:maple_log":3,"minecraft:dandelion":3,"divinerpg:shuriken":2},"minecraft:killed_by":{"divinerpg:kobblin":1},"minecraft:mined":{"regions_unexplored:blue_lupine":2,"regions_unexplored:maple_log":36,"minecraft:cherry_log":5,"regions_unexplored:pink_bioshroom_block":5,"regions_unexplored:magnolia_log":549,"divinerpg:realmite_ore":62,"minecraft:carved_pumpkin":1,"minecraft:grass_block":399,"regions_unexplored:blue_bioshroom":4,"minecraft:oxeye_daisy":1,"regions_unexplored:magnolia_stairs":7,"regions_unexplored:pointed_redstone":1,"minecraft:iron_ore":74,"minecraft:fire":1,"regions_unexplored:purple_lupine":1,"minecraft:pointed_dripstone":6,"minecraft:red_tulip":1,"minecraft:oak_stairs":1,"regions_unexplored:magnolia_fence":8,"regions_unexplored:white_magnolia_leaves":7,"minecraft:torch":30,"minecraft:chest":5,"minecraft:cobblestone":9,"minecraft:sugar_cane":2,"minecraft:wall_torch":16,"minecraft:lilac":1,"minecraft:grass":109,"beachparty:palm_log":13,"minecraft:oak_log":3,"minecraft:sand":89,"minecraft:dirt":21,"regions_unexplored:prismaglass":2,"minecraft:oak_leaves":97,"minecraft:diamond_ore":3,"regions_unexplored:spruce_shrub":1,"beachparty:palm_glass":3,"minecraft:mossy_cobblestone":1,"minecraft:deepslate_diamond_ore":1,"regions_unexplored:aster":16,"regions_unexplored:magnolia_leaves":5,"regions_unexplored:large_prismarite_cluster":2,"minecraft:hay_block":38,"divinerpg:plank_design":12,"minecraft:furnace":7,"minecraft:andesite":1,"regions_unexplored:orange_maple_leaves":4,"minecraft:deepslate_iron_ore":5,"beachparty:hanging_coconut":1,"minecraft:stripped_oak_log":1,"regions_unexplored:medium_grass":8,"minecraft:stone":299,"minecraft:smithing_table":1,"beachparty:palm_leaves":1,"regions_unexplored:pink_bioshroom":6,"travelersbackpack:standard":1,"minecraft:crafting_table":10,"regions_unexplored:salmon_poppy_bush":1,"regions_unexplored:pink_magnolia_leaves":19,"minecraft:rose_bush":1,"regions_unexplored:maple_door":2,"minecraft:tall_grass":10,"minecraft:lapis_ore":8,"minecraft:deepslate_gold_ore":1,"minecraft:diorite":2,"regions_unexplored:prismarite_cluster":6,"regions_unexplored:redstone_bud":1,"minecraft:birch_leaves":1,"minecraft:yellow_bed":11,"regions_unexplored:tall_blue_bioshroom":1,"minecraft:coal_ore":84,"regions_unexplored:magnolia_shrub":1,"minecraft:cherry_leaves":3,"minecraft:gravel":2,"minecraft:dripstone_block":2,"divinerpg:realmite_ore_deepslate":2,"minecraft:gold_ore":7}},"DataVersion":3465}