{"stats":{"minecraft:crafted":{"minecraft:smooth_stone":3,"minecraft:oak_planks":16,"travelersbackpack:crafting_upgrade":1,"hangglider:hang_glider":1,"regions_unexplored:maple_planks":24,"minecraft:stone":296,"minecraft:bookshelf":1,"minecraft:cooked_mutton":8,"minecraft:glass":89,"vanillaplustools:iron_hammer":1,"divinerpg:terran_stone":3,"minecraft:chest":17,"vanillaplustools:stone_shovel":1,"minecraft:stone_bricks":188,"travelersbackpack:iron_tier_upgrade":1,"minecraft:cooked_porkchop":6,"minecraft:crafting_table":5,"minecraft:wooden_pickaxe":1,"travelersbackpack:standard":1,"minecraft:smithing_table":1,"regions_unexplored:magnolia_stairs":60,"divinerpg:plank_design":360,"divinerpg:realmite_pickaxe":1,"divinerpg:realmite_shovel":2,"minecraft:lectern":1,"minecraft:book":3,"minecraft:paper":9,"minecraft:charcoal":9,"minecraft:stick":112,"minecraft:iron_ingot":87,"minecraft:iron_pickaxe":10,"divinerpg:realmite_sword":1,"minecraft:snow_block":16,"minecraft:gold_ingot":29,"regions_unexplored:magnolia_fence":102,"minecraft:shears":1,"hangglider:glider_framework":1,"minecraft:cherry_planks":16,"minecraft:stone_shovel":11,"minecraft:smooth_stone_slab":6,"divinerpg:realmite_boots":2,"divinerpg:realmite_helmet":2,"minecraft:furnace":3,"mca:bouquet":2,"minecraft:bone_meal":15,"divinerpg:realmite_chestplate":1,"regions_unexplored:magnolia_slab":108,"hangglider:glider_wing":2,"travelersbackpack:blank_upgrade":4,"travelersbackpack:gold_tier_upgrade":1,"minecraft:glass_pane":144,"travelersbackpack:white_sleeping_bag":1,"minecraft:iron_axe":3,"divinerpg:realmite_ingot":51,"minecraft:spruce_slab":6,"minecraft:stone_pickaxe":1,"divinerpg:realmite_leggings":2,"regions_unexplored:magnolia_planks":642,"divinerpg:realmite_hoe":1,"beachparty:palm_planks":20,"minecraft:wheat":297,"divinerpg:rupee_ingot":5,"travelersbackpack:backpack_tank":2,"regions_unexplored:magnolia_door":6,"minecraft:iron_sword":3,"divinerpg:realmite_axe":1,"minecraft:bucket":1,"minecraft:stone_axe":1,"minecraft:bread":99,"minecraft:air":328,"travelersbackpack:pumpkin":1,"minecraft:iron_shovel":1,"minecraft:armor_stand":1,"minecraft:white_bed":1,"minecraft:torch":56,"beachparty:palm_glass":8},"minecraft:custom":{"minecraft:interact_with_crafting_table":80,"minecraft:open_barrel":2,"goblintraders:trade_with_goblin":7,"minecraft:leave_game":3,"minecraft:time_since_death":504107,"minecraft:sprint_one_cm":1921736,"minecraft:drop":70,"minecraft:talked_to_villager":2,"minecraft:play_time":564740,"minecraft:deaths":1,"tombstone:tomb_raiding":1,"minecraft:jump":7538,"minecraft:walk_on_water_one_cm":102769,"minecraft:interact_with_furnace":113,"minecraft:sleep_in_bed":25,"minecraft:damage_dealt":28534,"minecraft:crouch_one_cm":150931,"tombstone:undead_killed":43,"minecraft:interact_with_smithing_table":4,"minecraft:mob_kills":102,"minecraft:climb_one_cm":2730,"minecraft:walk_one_cm":1500283,"minecraft:sneak_time":34996,"minecraft:walk_under_water_one_cm":54112,"minecraft:boat_one_cm":7369,"minecraft:total_world_time":564740,"tombstone:raider_killed":1,"minecraft:interact_with_stonecutter":2,"minecraft:time_since_rest":36623,"minecraft:damage_taken":6833,"minecraft:damage_absorbed":120,"tombstone:cast_on_ally":0,"minecraft:swim_one_cm":247533,"minecraft:fly_one_cm":1693935,"minecraft:open_chest":318,"minecraft:fall_one_cm":169557},"minecraft:killed":{"divinerpg:caveclops":1,"divinerpg:cave_crawler":3,"minecraft:spider":4,"minecraft:skeleton":11,"minecraft:pig":3,"divinerpg:enthralled_dramcryx":1,"minecraft:creeper":2,"minecraft:sheep":4,"divinerpg:king_crab":1,"minecraft:zombie":23,"divinerpg:the_grue":1,"divinerpg:rotatick":1,"divinerpg:kobblin":22,"minecraft:drowned":2,"divinerpg:ender_spider":1,"divinerpg:pumpkin_spider":5,"divinerpg:miner":7,"alexsmobs:cockroach":1,"minecraft:enderman":5},"minecraft:picked_up":{"regions_unexplored:pointed_redstone":2,"regions_unexplored:magnolia_log":622,"minecraft:smithing_table":2,"minecraft:oak_stairs":1,"regions_unexplored:magnolia_shrub":1,"regions_unexplored:prismarite_cluster":43,"minecraft:string":8,"minecraft:raw_copper":182,"minecraft:cobbled_deepslate":206,"minecraft:rose_bush":10,"divinerpg:raw_arlemite":6,"minecraft:iron_pickaxe":1,"minecraft:furnace":7,"minecraft:stick":18,"minecraft:torch":87,"minecraft:porkchop":6,"minecraft:cherry_log":5,"tombstone:grave_dust":7,"minecraft:pointed_dripstone":14,"minecraft:diorite":96,"beachparty:palm_glass":5,"regions_unexplored:pink_magnolia_sapling":4,"regions_unexplored:magnolia_stairs":7,"minecraft:rotten_flesh":18,"minecraft:carved_pumpkin":1,"minecraft:obsidian":7,"minecraft:snowball":94,"regions_unexplored:magnolia_sapling":4,"minecraft:cobblestone":1046,"minecraft:pink_petals":9,"minecraft:lilac":1,"minecraft:cooked_beef":35,"minecraft:andesite":19,"regions_unexplored:white_magnolia_shrub":1,"minecraft:potato":223,"minecraft:flint":4,"beachparty:palm_log":13,"minecraft:tuff":13,"minecraft:lapis_lazuli":132,"minecraft:dirt":1406,"minecraft:leather_boots":1,"minecraft:bone":8,"minecraft:stonecutter":4,"regions_unexplored:magnolia_planks":2,"minecraft:wheat_seeds":48,"minecraft:raw_gold":29,"regions_unexplored:maple_stairs":1,"regions_unexplored:pink_bioshroom":6,"divinerpg:realmite_ingot":8,"regions_unexplored:tall_blue_bioshroom":1,"minecraft:poisonous_potato":2,"minecraft:sand":90,"minecraft:grass_block":1,"divinerpg:aquatic_pellets":2,"minecraft:bundle":1,"regions_unexplored:hyssop":1,"minecraft:diamond":8,"minecraft:bone_meal":18,"minecraft:emerald":4,"minecraft:oak_leaves":86,"mca:bouquet":1,"minecraft:crafting_table":10,"minecraft:azure_bluet":3,"minecraft:golden_pickaxe":1,"minecraft:structure_block":7,"divinerpg:corrupted_shards":5,"regions_unexplored:blue_bioshroom":4,"minecraft:cornflower":5,"regions_unexplored:spruce_shrub":2,"regions_unexplored:orange_maple_sapling":1,"minecraft:lectern":125,"minecraft:light_gray_wool":1,"minecraft:poppy":2,"minecraft:sugar_cane":7,"minecraft:chest":5,"minecraft:egg":1,"divinerpg:crab_claw":2,"divinerpg:arlemite_ingot":1,"minecraft:raw_iron":127,"divinerpg:terran_shards":35,"regions_unexplored:blue_lupine":1,"minecraft:redstone":40,"regions_unexplored:redstone_bulb":4,"minecraft:arrow":14,"divinerpg:raw_realmite":80,"minecraft:hay_block":39,"minecraft:glistering_melon_slice":9,"minecraft:mutton":8,"minecraft:white_wool":6,"minecraft:oxeye_daisy":4,"minecraft:stripped_oak_log":1,"minecraft:birch_leaves":1,"regions_unexplored:hanging_prismarite":8,"divinerpg:raw_rupee":5,"divinerpg:plank_design":12,"minecraft:oak_log":3,"minecraft:yellow_bed":11,"regions_unexplored:salmon_poppy_bush":1,"minecraft:gunpowder":2,"divinerpg:shuriken":2,"regions_unexplored:aster":22,"regions_unexplored:large_prismarite_cluster":2,"regions_unexplored:maple_door":2,"minecraft:apple":22,"regions_unexplored:prismaglass":2,"regions_unexplored:magnolia_slab":4,"travelersbackpack:blank_upgrade":2,"regions_unexplored:white_magnolia_sapling":5,"minecraft:pumpkin":2,"minecraft:dandelion":8,"minecraft:dripstone_block":3,"minecraft:gravel":6,"minecraft:spruce_sapling":2,"minecraft:white_bed":1,"divinerpg:ender_shards":1,"minecraft:spider_eye":3,"regions_unexplored:cave_hyssop":6,"travelersbackpack:standard":1,"minecraft:purple_bed":1,"minecraft:stone_axe":1,"travelersbackpack:pumpkin":1,"regions_unexplored:maple_log":35,"regions_unexplored:magnolia_fence":8,"tombstone:magic_scroll":1,"minecraft:coal":220,"minecraft:ender_pearl":3},"minecraft:dropped":{"minecraft:flint":2,"minecraft:dirt":456,"regions_unexplored:large_prismarite_cluster":1,"regions_unexplored:prismarite_cluster":2,"minecraft:iron_pickaxe":1,"regions_unexplored:cave_hyssop":6,"minecraft:bone":3,"minecraft:gravel":4,"minecraft:cobbled_deepslate":128,"minecraft:pointed_dripstone":4,"minecraft:rotten_flesh":4,"minecraft:azure_bluet":1,"regions_unexplored:magnolia_slab":5,"minecraft:gunpowder":2,"regions_unexplored:hanging_prismarite":8,"minecraft:leather_boots":1,"regions_unexplored:magnolia_planks":2,"minecraft:wheat_seeds":5,"minecraft:dripstone_block":1,"minecraft:poisonous_potato":1,"minecraft:cobblestone":15,"minecraft:apple":1,"minecraft:grass_block":1,"minecraft:oxeye_daisy":1,"minecraft:diorite":1,"minecraft:rose_bush":1,"minecraft:cherry_planks":1,"minecraft:pumpkin":2,"minecraft:string":3,"regions_unexplored:magnolia_fence":1,"minecraft:tuff":13,"minecraft:structure_block":7,"minecraft:hay_block":6,"regions_unexplored:maple_stairs":1,"minecraft:andesite":3,"minecraft:spider_eye":2,"regions_unexplored:blue_lupine":1},"minecraft:broken":{"minecraft:golden_helmet":1,"minecraft:golden_leggings":1,"minecraft:stone_pickaxe":1,"divinerpg:realmite_pickaxe":1,"minecraft:stone_axe":2,"minecraft:iron_sword":1,"minecraft:stone_shovel":1,"minecraft:iron_axe":3,"minecraft:iron_pickaxe":2,"vanillaplustools:stone_shovel":1},"minecraft:used":{"regions_unexplored:maple_door":2,"minecraft:poppy":1,"minecraft:chest":20,"minecraft:iron_sword":324,"regions_unexplored:prismarite_cluster":29,"minecraft:snowball":30,"regions_unexplored:magnolia_fence":107,"minecraft:lava_bucket":1,"regions_unexplored:orange_maple_sapling":1,"regions_unexplored:salmon_poppy_bush":1,"regions_unexplored:aster":21,"minecraft:stone_bricks":159,"regions_unexplored:blue_bioshroom":4,"minecraft:furnace":10,"minecraft:egg":1,"minecraft:potato":226,"regions_unexplored:spruce_shrub":2,"divinerpg:realmite_axe":216,"minecraft:diorite":1,"regions_unexplored:redstone_bulb":4,"regions_unexplored:large_prismarite_cluster":1,"minecraft:stone_pickaxe":132,"minecraft:wooden_pickaxe":6,"regions_unexplored:pointed_redstone":2,"regions_unexplored:prismaglass":2,"minecraft:oak_leaves":28,"divinerpg:realmite_leggings":1,"minecraft:dripstone_block":2,"regions_unexplored:pink_bioshroom":6,"minecraft:shears":92,"regions_unexplored:magnolia_slab":107,"minecraft:bread":127,"minecraft:lectern":126,"minecraft:gravel":2,"minecraft:lilac":1,"minecraft:golden_helmet":1,"minecraft:smithing_table":2,"minecraft:andesite":1,"minecraft:bone_meal":33,"minecraft:golden_pickaxe":2,"divinerpg:realmite_pickaxe":326,"divinerpg:realmite_hoe":209,"minecraft:armor_stand":1,"minecraft:stone_shovel":213,"minecraft:torch":139,"minecraft:dirt":1481,"regions_unexplored:magnolia_sapling":4,"regions_unexplored:magnolia_log":386,"regions_unexplored:magnolia_door":4,"minecraft:iron_axe":684,"minecraft:oak_stairs":1,"divinerpg:realmite_sword":120,"tombstone:gift":2,"divinerpg:realmite_chestplate":1,"minecraft:cooked_beef":19,"minecraft:cobbled_deepslate":8,"divinerpg:realmite_helmet":2,"regions_unexplored:tall_blue_bioshroom":1,"minecraft:wheat_seeds":40,"minecraft:cooked_mutton":8,"minecraft:water_bucket":144,"divinerpg:plank_design":352,"minecraft:stonecutter":3,"regions_unexplored:pink_magnolia_sapling":3,"minecraft:crafting_table":13,"vanillaplustools:stone_shovel":163,"regions_unexplored:magnolia_shrub":1,"minecraft:white_bed":2,"regions_unexplored:magnolia_planks":18,"minecraft:cornflower":3,"minecraft:apple":40,"minecraft:oxeye_daisy":1,"regions_unexplored:white_magnolia_sapling":5,"minecraft:iron_pickaxe":510,"divinerpg:realmite_shovel":476,"minecraft:spruce_sapling":2,"minecraft:stone_axe":139,"minecraft:pink_petals":9,"vanillaplustools:iron_hammer":115,"minecraft:cobblestone":59,"minecraft:purple_bed":1,"travelersbackpack:standard":3,"beachparty:palm_glass":3,"minecraft:cooked_porkchop":6,"regions_unexplored:magnolia_stairs":62,"divinerpg:minibricks":102,"minecraft:bucket":146,"minecraft:glass_pane":138,"minecraft:yellow_bed":11,"regions_unexplored:maple_log":3,"minecraft:dandelion":3,"divinerpg:shuriken":2},"minecraft:killed_by":{"divinerpg:kobblin":1},"minecraft:mined":{"minecraft:white_bed":1,"regions_unexplored:blue_lupine":2,"regions_unexplored:maple_log":36,"minecraft:cherry_log":5,"regions_unexplored:pink_bioshroom_block":5,"regions_unexplored:magnolia_log":619,"divinerpg:realmite_ore":70,"minecraft:carved_pumpkin":1,"regions_unexplored:hanging_prismarite":1,"minecraft:grass_block":1350,"regions_unexplored:blue_bioshroom":4,"minecraft:oxeye_daisy":3,"regions_unexplored:magnolia_stairs":7,"regions_unexplored:pointed_redstone":1,"minecraft:iron_ore":102,"minecraft:fire":3,"regions_unexplored:purple_lupine":1,"minecraft:azure_bluet":2,"minecraft:pointed_dripstone":7,"minecraft:red_tulip":1,"minecraft:oak_stairs":1,"minecraft:deepslate_redstone_ore":4,"regions_unexplored:magnolia_fence":8,"regions_unexplored:white_magnolia_leaves":7,"minecraft:torch":32,"minecraft:poppy":1,"minecraft:chest":5,"minecraft:cobblestone":10,"minecraft:sugar_cane":2,"minecraft:wall_torch":18,"regions_unexplored:hyssop":1,"minecraft:lilac":1,"minecraft:grass":155,"beachparty:palm_log":13,"minecraft:oak_log":3,"minecraft:sand":89,"minecraft:dirt":183,"regions_unexplored:prismaglass":2,"minecraft:stonecutter":4,"minecraft:oak_leaves":98,"minecraft:deepslate":212,"minecraft:diamond_ore":3,"regions_unexplored:spruce_shrub":1,"minecraft:tuff":13,"beachparty:palm_glass":3,"minecraft:mossy_cobblestone":1,"minecraft:deepslate_diamond_ore":4,"divinerpg:arlemite_ore_deepslate":6,"regions_unexplored:aster":19,"regions_unexplored:magnolia_leaves":5,"regions_unexplored:magnolia_slab":4,"regions_unexplored:large_prismarite_cluster":2,"minecraft:hay_block":38,"divinerpg:plank_design":12,"minecraft:furnace":7,"minecraft:andesite":19,"regions_unexplored:orange_maple_leaves":4,"regions_unexplored:white_magnolia_shrub":1,"minecraft:potatoes":54,"minecraft:deepslate_iron_ore":26,"beachparty:hanging_coconut":1,"minecraft:stripped_oak_log":1,"regions_unexplored:medium_grass":8,"minecraft:stone":1039,"minecraft:smithing_table":2,"beachparty:palm_leaves":1,"regions_unexplored:pink_bioshroom":6,"minecraft:dandelion":5,"travelersbackpack:standard":1,"minecraft:crafting_table":10,"minecraft:cornflower":2,"regions_unexplored:salmon_poppy_bush":1,"regions_unexplored:pink_magnolia_leaves":21,"minecraft:rose_bush":10,"minecraft:lectern":125,"regions_unexplored:maple_door":2,"minecraft:copper_ore":56,"minecraft:tall_grass":10,"minecraft:lapis_ore":8,"minecraft:deepslate_gold_ore":22,"divinerpg:rupee_ore_deepslate":5,"minecraft:diorite":106,"regions_unexplored:prismarite_cluster":19,"minecraft:purple_bed":1,"regions_unexplored:redstone_bud":1,"minecraft:birch_leaves":2,"minecraft:yellow_bed":11,"regions_unexplored:tall_blue_bioshroom":1,"minecraft:coal_ore":154,"regions_unexplored:magnolia_shrub":1,"minecraft:cherry_leaves":3,"minecraft:gravel":4,"minecraft:dripstone_block":3,"divinerpg:realmite_ore_deepslate":10,"minecraft:gold_ore":7}},"DataVersion":3465}