{"stats":{"minecraft:mined":{"minecraft:grass_block":1,"minecraft:cherry_leaves":3,"minecraft:cherry_log":4},"minecraft:picked_up":{"minecraft:pink_petals":8,"minecraft:cherry_log":4,"minecraft:dirt":13},"minecraft:crafted":{"minecraft:cherry_planks":8,"minecraft:crafting_table":1,"minecraft:stick":4},"minecraft:used":{"minecraft:pink_petals":8,"minecraft:dirt":1,"minecraft:crafting_table":1},"minecraft:custom":{"minecraft:time_since_rest":5351,"minecraft:crouch_one_cm":184,"minecraft:play_time":5351,"minecraft:sprint_one_cm":3876,"minecraft:damage_taken":70,"minecraft:walk_one_cm":5261,"minecraft:sneak_time":229,"minecraft:jump":50,"minecraft:time_since_death":5351,"minecraft:total_world_time":5351,"minecraft:interact_with_crafting_table":1,"minecraft:fall_one_cm":2715,"minecraft:fly_one_cm":4083}},"DataVersion":3465}