{"stats":{"minecraft:mined":{"minecraft:mossy_cobblestone":1,"regions_unexplored:maple_log":35,"minecraft:cherry_log":5,"regions_unexplored:magnolia_log":119,"minecraft:carved_pumpkin":1,"minecraft:grass_block":1,"regions_unexplored:magnolia_leaves":1,"minecraft:hay_block":33,"regions_unexplored:pointed_redstone":1,"minecraft:furnace":4,"minecraft:iron_ore":33,"regions_unexplored:orange_maple_leaves":4,"minecraft:oak_stairs":1,"regions_unexplored:medium_grass":2,"minecraft:stone":52,"regions_unexplored:white_magnolia_leaves":4,"travelersbackpack:standard":1,"minecraft:crafting_table":9,"minecraft:torch":10,"regions_unexplored:salmon_poppy_bush":1,"regions_unexplored:pink_magnolia_leaves":3,"minecraft:chest":2,"minecraft:cobblestone":4,"minecraft:sugar_cane":2,"minecraft:wall_torch":9,"regions_unexplored:redstone_bud":1,"minecraft:yellow_bed":6,"minecraft:grass":12,"minecraft:coal_ore":70,"minecraft:oak_log":3,"minecraft:cherry_leaves":3,"minecraft:gravel":2,"minecraft:sand":12,"minecraft:dirt":1,"minecraft:oak_leaves":2},"minecraft:picked_up":{"regions_unexplored:pointed_redstone":2,"minecraft:crafting_table":9,"minecraft:azure_bluet":1,"regions_unexplored:magnolia_log":118,"minecraft:oak_stairs":1,"minecraft:cornflower":3,"minecraft:string":2,"regions_unexplored:orange_maple_sapling":1,"minecraft:poppy":1,"minecraft:sugar_cane":7,"minecraft:chest":2,"minecraft:furnace":4,"divinerpg:crab_claw":1,"minecraft:raw_iron":33,"minecraft:stick":9,"minecraft:torch":51,"divinerpg:terran_shards":10,"minecraft:porkchop":6,"minecraft:cherry_log":5,"tombstone:grave_dust":2,"minecraft:redstone":23,"regions_unexplored:pink_magnolia_sapling":1,"minecraft:arrow":3,"regions_unexplored:redstone_bulb":4,"minecraft:hay_block":33,"minecraft:carved_pumpkin":1,"minecraft:snowball":94,"minecraft:cobblestone":53,"minecraft:oxeye_daisy":1,"minecraft:pink_petals":9,"minecraft:flint":1,"minecraft:oak_log":3,"minecraft:yellow_bed":6,"regions_unexplored:salmon_poppy_bush":1,"minecraft:dirt":14,"minecraft:bone":2,"minecraft:apple":1,"minecraft:wheat_seeds":1,"regions_unexplored:white_magnolia_sapling":1,"minecraft:pumpkin":1,"minecraft:dandelion":3,"minecraft:gravel":4,"minecraft:sand":12,"divinerpg:aquatic_pellets":1,"minecraft:spider_eye":2,"travelersbackpack:standard":1,"regions_unexplored:maple_log":34,"minecraft:coal":121},"minecraft:killed":{"minecraft:spider":1,"minecraft:skeleton":2,"divinerpg:kobblin":5,"minecraft:pig":3,"divinerpg:pumpkin_spider":3,"divinerpg:king_crab":1,"minecraft:zombie":1},"minecraft:broken":{"minecraft:stone_pickaxe":1,"minecraft:stone_axe":1},"minecraft:killed_by":{"divinerpg:kobblin":1},"minecraft:crafted":{"minecraft:cherry_planks":16,"minecraft:oak_planks":12,"minecraft:stone_shovel":1,"regions_unexplored:maple_planks":8,"minecraft:furnace":1,"minecraft:glass":12,"travelersbackpack:white_sleeping_bag":1,"minecraft:iron_axe":1,"minecraft:stone_pickaxe":1,"minecraft:chest":2,"minecraft:wheat":297,"minecraft:cooked_porkchop":6,"minecraft:crafting_table":2,"travelersbackpack:backpack_tank":2,"minecraft:wooden_pickaxe":1,"travelersbackpack:standard":1,"minecraft:iron_sword":1,"minecraft:bucket":1,"minecraft:stone_axe":1,"minecraft:bread":99,"minecraft:air":0,"minecraft:charcoal":1,"minecraft:stick":12,"minecraft:iron_ingot":42,"minecraft:iron_pickaxe":1,"minecraft:snow_block":16,"minecraft:torch":4},"minecraft:dropped":{"minecraft:wheat_seeds":1,"minecraft:flint":1,"minecraft:dirt":10,"minecraft:cherry_planks":1,"minecraft:pumpkin":1,"minecraft:string":1,"minecraft:bone":2,"minecraft:gravel":4,"minecraft:azure_bluet":1,"minecraft:spider_eye":2},"minecraft:used":{"minecraft:stone_shovel":14,"minecraft:poppy":1,"minecraft:chest":3,"minecraft:iron_sword":62,"minecraft:torch":21,"minecraft:dirt":4,"minecraft:snowball":30,"regions_unexplored:orange_maple_sapling":1,"regions_unexplored:salmon_poppy_bush":1,"minecraft:iron_axe":139,"minecraft:oak_stairs":1,"minecraft:furnace":5,"minecraft:water_bucket":13,"regions_unexplored:redstone_bulb":4,"minecraft:stone_pickaxe":132,"minecraft:wooden_pickaxe":6,"regions_unexplored:pointed_redstone":2,"regions_unexplored:pink_magnolia_sapling":1,"minecraft:crafting_table":11,"minecraft:cornflower":3,"minecraft:oxeye_daisy":1,"regions_unexplored:white_magnolia_sapling":1,"minecraft:bread":36,"minecraft:iron_pickaxe":32,"minecraft:golden_helmet":1,"minecraft:pink_petals":9,"minecraft:stone_axe":93,"minecraft:cobblestone":35,"travelersbackpack:standard":2,"minecraft:cooked_porkchop":6,"minecraft:bucket":14,"minecraft:yellow_bed":6,"regions_unexplored:maple_log":2,"minecraft:dandelion":3},"minecraft:custom":{"minecraft:mob_kills":17,"minecraft:interact_with_crafting_table":18,"minecraft:open_barrel":2,"minecraft:time_since_death":46718,"minecraft:climb_one_cm":2415,"minecraft:sprint_one_cm":302641,"minecraft:walk_one_cm":246519,"minecraft:drop":14,"minecraft:talked_to_villager":1,"minecraft:play_time":107351,"minecraft:deaths":1,"minecraft:sneak_time":3509,"minecraft:walk_under_water_one_cm":12337,"tombstone:tomb_raiding":1,"minecraft:jump":1855,"minecraft:walk_on_water_one_cm":21470,"minecraft:total_world_time":107351,"minecraft:interact_with_furnace":24,"minecraft:sleep_in_bed":7,"minecraft:time_since_rest":7428,"minecraft:damage_taken":1934,"minecraft:damage_absorbed":120,"minecraft:damage_dealt":5897,"tombstone:cast_on_ally":0,"minecraft:swim_one_cm":45293,"minecraft:fly_one_cm":356676,"minecraft:open_chest":41,"minecraft:crouch_one_cm":8500,"tombstone:undead_killed":3,"minecraft:fall_one_cm":42253}},"DataVersion":3465}