{"stats":{"minecraft:mined":{"minecraft:mossy_cobblestone":1,"minecraft:cherry_log":5,"minecraft:crafting_table":6,"minecraft:torch":5,"regions_unexplored:salmon_poppy_bush":1,"minecraft:grass_block":1,"minecraft:cobblestone":4,"minecraft:wall_torch":5,"minecraft:hay_block":33,"minecraft:furnace":3,"minecraft:iron_ore":22,"minecraft:yellow_bed":3,"minecraft:grass":3,"minecraft:oak_log":1,"minecraft:coal_ore":60,"minecraft:cherry_leaves":3,"minecraft:gravel":2,"minecraft:dirt":1,"minecraft:stone":46,"minecraft:oak_leaves":2},"minecraft:picked_up":{"minecraft:pink_petals":9,"minecraft:crafting_table":6,"minecraft:azure_bluet":1,"minecraft:flint":1,"minecraft:oak_log":1,"minecraft:yellow_bed":3,"regions_unexplored:salmon_poppy_bush":1,"minecraft:dirt":14,"minecraft:wheat_seeds":1,"minecraft:furnace":3,"minecraft:raw_iron":22,"minecraft:torch":42,"minecraft:gravel":4,"minecraft:porkchop":6,"minecraft:cherry_log":5,"minecraft:hay_block":33,"minecraft:coal":60,"minecraft:snowball":94,"minecraft:cobblestone":47},"minecraft:killed":{"minecraft:pig":3,"minecraft:zombie":1},"minecraft:broken":{"minecraft:stone_pickaxe":1},"minecraft:crafted":{"minecraft:cherry_planks":16,"minecraft:oak_planks":4,"minecraft:cooked_porkchop":6,"minecraft:crafting_table":2,"minecraft:wooden_pickaxe":1,"minecraft:furnace":1,"minecraft:stone_axe":1,"minecraft:bread":99,"minecraft:air":0,"minecraft:charcoal":1,"minecraft:stick":12,"minecraft:iron_ingot":3,"minecraft:iron_pickaxe":1,"minecraft:stone_pickaxe":1,"minecraft:snow_block":16,"minecraft:torch":4,"minecraft:wheat":297},"minecraft:dropped":{"minecraft:gravel":4,"minecraft:wheat_seeds":1,"minecraft:azure_bluet":1,"minecraft:flint":1,"minecraft:dirt":10,"minecraft:cherry_planks":1},"minecraft:used":{"minecraft:stone_pickaxe":132,"minecraft:wooden_pickaxe":6,"minecraft:torch":10,"minecraft:dirt":4,"minecraft:crafting_table":7,"minecraft:snowball":30,"regions_unexplored:salmon_poppy_bush":1,"minecraft:bread":5,"minecraft:stone_axe":23,"minecraft:pink_petals":9,"minecraft:cobblestone":21,"minecraft:furnace":3,"minecraft:cooked_porkchop":6,"minecraft:yellow_bed":2},"minecraft:custom":{"minecraft:interact_with_furnace":10,"minecraft:mob_kills":5,"minecraft:interact_with_crafting_table":8,"minecraft:time_since_death":41351,"minecraft:sleep_in_bed":1,"minecraft:climb_one_cm":2415,"minecraft:time_since_rest":11956,"minecraft:sprint_one_cm":101051,"minecraft:damage_taken":602,"minecraft:walk_one_cm":126994,"minecraft:drop":9,"minecraft:damage_dealt":1092,"minecraft:talked_to_villager":1,"minecraft:swim_one_cm":6331,"minecraft:fly_one_cm":103219,"minecraft:open_chest":18,"minecraft:crouch_one_cm":3540,"minecraft:play_time":41351,"tombstone:undead_killed":1,"minecraft:sneak_time":1372,"minecraft:walk_under_water_one_cm":239,"minecraft:jump":749,"minecraft:walk_on_water_one_cm":2408,"minecraft:total_world_time":41351,"minecraft:fall_one_cm":23379}},"DataVersion":3465}