{"stats":{"minecraft:mined":{"minecraft:white_bed":2,"minecraft:soul_sand":1,"minecraft:deepslate_diamond_ore":8,"divinerpg:realmite_ore":10,"minecraft:crafting_table":5,"regions_unexplored:silt_dirt":1,"minecraft:cobblestone":18,"minecraft:oak_planks":2,"minecraft:diorite":3,"minecraft:wall_torch":4,"minecraft:spawner":1,"regions_unexplored:pine_log":7,"minecraft:hay_block":41,"minecraft:coarse_dirt":1,"minecraft:furnace":3,"minecraft:iron_ore":43,"minecraft:andesite":11,"minecraft:grass":3,"minecraft:pointed_dripstone":1,"minecraft:coal_ore":43,"minecraft:oak_log":12,"minecraft:dripstone_block":3,"minecraft:dirt":4,"minecraft:stone":166,"regions_unexplored:silt_grass_block":1,"minecraft:oak_leaves":8,"minecraft:deepslate":24},"minecraft:picked_up":{"minecraft:coarse_dirt":1,"minecraft:crafting_table":5,"minecraft:andesite":11,"regions_unexplored:silt_dirt":2,"minecraft:oak_log":12,"minecraft:dirt":5,"regions_unexplored:pine_log":7,"minecraft:cobbled_deepslate":24,"minecraft:oak_planks":2,"minecraft:furnace":3,"minecraft:raw_iron":43,"minecraft:torch":4,"divinerpg:terran_shards":6,"minecraft:dripstone_block":3,"minecraft:pointed_dripstone":1,"minecraft:diorite":3,"minecraft:white_bed":3,"minecraft:redstone":2,"minecraft:diamond":8,"divinerpg:raw_realmite":10,"minecraft:hay_block":40,"minecraft:oak_sapling":1,"minecraft:coal":93,"minecraft:cobblestone":179},"minecraft:killed":{"minecraft:skeleton":1,"divinerpg:miner":1,"minecraft:zombie":1,"divinerpg:kobblin":2},"minecraft:broken":{"minecraft:stone_pickaxe":2},"minecraft:crafted":{"minecraft:crafting_table":1,"minecraft:wooden_pickaxe":1,"minecraft:iron_helmet":1,"minecraft:furnace":1,"minecraft:bucket":1,"minecraft:stone_axe":1,"minecraft:bread":72,"minecraft:air":0,"regions_unexplored:pine_planks":28,"minecraft:iron_boots":1,"minecraft:iron_chestplate":1,"minecraft:shield":1,"minecraft:stick":12,"minecraft:iron_ingot":32,"minecraft:iron_pickaxe":1,"minecraft:stone_pickaxe":2,"minecraft:stone_sword":1,"minecraft:iron_leggings":1,"minecraft:torch":4,"minecraft:wheat":216},"minecraft:dropped":{"minecraft:coarse_dirt":1,"alexsmobs:animal_dictionary":1,"divinerpg:terran_shards":6,"minecraft:dirt":5,"minecraft:andesite":11,"minecraft:wooden_pickaxe":1,"regions_unexplored:silt_dirt":2,"minecraft:redstone":2},"minecraft:used":{"minecraft:water_bucket":4,"minecraft:stone_sword":36,"minecraft:stone_pickaxe":262,"minecraft:wooden_pickaxe":5,"minecraft:iron_chestplate":1,"minecraft:torch":8,"minecraft:crafting_table":5,"minecraft:white_bed":2,"minecraft:apple":3,"minecraft:bread":10,"minecraft:iron_pickaxe":72,"minecraft:iron_helmet":1,"minecraft:iron_boots":1,"minecraft:stone_axe":44,"minecraft:cobblestone":29,"minecraft:furnace":3,"minecraft:oak_sapling":1,"minecraft:bucket":5,"minecraft:iron_leggings":1},"minecraft:custom":{"minecraft:interact_with_furnace":22,"minecraft:mob_kills":5,"minecraft:interact_with_crafting_table":16,"minecraft:interact_with_loom":1,"minecraft:leave_game":1,"minecraft:time_since_death":57455,"minecraft:sleep_in_bed":2,"minecraft:time_since_rest":9090,"minecraft:sprint_one_cm":97092,"minecraft:damage_taken":332,"minecraft:walk_one_cm":148957,"minecraft:drop":22,"minecraft:damage_dealt":1430,"minecraft:fly_one_cm":137816,"minecraft:open_chest":6,"minecraft:crouch_one_cm":15781,"minecraft:play_time":57455,"tombstone:undead_killed":3,"minecraft:sneak_time":5072,"minecraft:walk_under_water_one_cm":2812,"minecraft:jump":869,"minecraft:walk_on_water_one_cm":2407,"minecraft:total_world_time":57455,"minecraft:fall_one_cm":28933}},"DataVersion":3465}