{"stats":{"minecraft:crafted":{"minecraft:oak_planks":16,"minecraft:diamond_hoe":1,"regions_unexplored:maple_planks":12,"minecraft:furnace":1,"minecraft:diamond_shovel":1,"minecraft:flint_and_steel":1,"minecraft:diamond_helmet":2,"minecraft:diamond_leggings":1,"minecraft:iron_boots":1,"minecraft:stone_pickaxe":2,"minecraft:chest":4,"minecraft:diamond_boots":1,"minecraft:wheat":225,"minecraft:red_dye":1,"divinerpg:rupee_rapier":1,"minecraft:diamond_sword":1,"minecraft:cauldron":2,"minecraft:crafting_table":1,"minecraft:iron_helmet":1,"minecraft:wooden_pickaxe":1,"regions_unexplored:pine_boat":1,"minecraft:bucket":1,"minecraft:stone_axe":1,"minecraft:bread":72,"minecraft:air":0,"regions_unexplored:pine_planks":28,"minecraft:iron_chestplate":1,"minecraft:diamond_pickaxe":1,"minecraft:shield":1,"minecraft:stick":24,"minecraft:iron_ingot":32,"minecraft:iron_pickaxe":1,"minecraft:stone_sword":1,"minecraft:iron_leggings":1,"minecraft:light_gray_dye":1,"minecraft:torch":16,"minecraft:diamond_chestplate":1},"minecraft:custom":{"minecraft:mob_kills":211,"minecraft:interact_with_crafting_table":29,"minecraft:leave_game":10,"minecraft:time_since_death":362339,"minecraft:sprint_one_cm":1132809,"minecraft:walk_one_cm":1145313,"minecraft:damage_blocked_by_shield":2475,"minecraft:drop":135,"minecraft:talked_to_villager":3,"minecraft:play_time":362339,"minecraft:sneak_time":16445,"minecraft:walk_under_water_one_cm":49591,"minecraft:boat_one_cm":304753,"minecraft:jump":7217,"minecraft:walk_on_water_one_cm":60895,"minecraft:total_world_time":362339,"minecraft:interact_with_furnace":30,"tombstone:raider_killed":1,"minecraft:interact_with_loom":1,"minecraft:sleep_in_bed":12,"minecraft:time_since_rest":18801,"minecraft:damage_taken":4341,"minecraft:damage_dealt":49736,"minecraft:swim_one_cm":88573,"minecraft:fly_one_cm":1574082,"minecraft:crouch_one_cm":53464,"minecraft:open_chest":81,"tombstone:undead_killed":120,"minecraft:use_cauldron":1,"minecraft:fall_one_cm":198927},"minecraft:killed":{"mca:female_zombie_villager":1,"minecraft:cave_spider":1,"divinerpg:cyclops":3,"divinerpg:cave_crawler":9,"alexsmobs:raccoon":1,"minecraft:spider":6,"divinerpg:the_eye":3,"alexsmobs:tasmanian_devil":1,"minecraft:phantom":1,"minecraft:horse":2,"minecraft:skeleton":27,"divinerpg:rotatick":6,"divinerpg:kobblin":13,"alexsmobs:bison":1,"divinerpg:ender_spider":1,"divinerpg:crab":1,"minecraft:pig":1,"divinerpg:pumpkin_spider":1,"minecraft:wandering_trader":6,"minecraft:creeper":9,"divinerpg:king_crab":1,"minecraft:sheep":4,"divinerpg:miner":13,"minecraft:zombie":78,"alexsmobs:fly":1,"divinerpg:the_grue":4,"minecraft:cow":8},"minecraft:picked_up":{"minecraft:coarse_dirt":2,"minecraft:crafting_table":11,"minecraft:azure_bluet":2,"minecraft:structure_block":3,"regions_unexplored:silt_dirt":3,"minecraft:enchanted_book":1,"regions_unexplored:maple_planks":18,"divinerpg:corrupted_shards":9,"regions_unexplored:red_maple_leaf_pile":2,"regions_unexplored:prismarite_cluster":30,"minecraft:string":8,"minecraft:raw_copper":10,"divinerpg:aqua_ball":2,"minecraft:flint_and_steel":1,"minecraft:iron_leggings":1,"regions_unexplored:orange_maple_sapling":1,"minecraft:shroomlight":1,"regions_unexplored:pine_log":7,"minecraft:cobbled_deepslate":168,"minecraft:beef":24,"regions_unexplored:maple_leaf_pile":3,"minecraft:iron_pickaxe":1,"minecraft:poppy":3,"divinerpg:raw_arlemite":15,"minecraft:sugar_cane":14,"divinerpg:crab_claw":3,"minecraft:furnace":3,"minecraft:egg":2,"minecraft:raw_iron":45,"minecraft:stick":2,"divinerpg:arlemite_ingot":4,"minecraft:torch":72,"divinerpg:terran_shards":18,"minecraft:porkchop":3,"minecraft:pointed_dripstone":16,"tombstone:grave_dust":9,"minecraft:diorite":9,"minecraft:carrot":22,"minecraft:redstone":2,"minecraft:cauldron":2,"divinerpg:rupee_rapier":1,"minecraft:arrow":11,"minecraft:rotten_flesh":51,"minecraft:beetroot_seeds":1,"minecraft:shears":1,"divinerpg:raw_realmite":21,"minecraft:hay_block":133,"minecraft:gold_ingot":3,"minecraft:mutton":6,"minecraft:obsidian":22,"regions_unexplored:magnolia_sapling":2,"minecraft:white_wool":4,"minecraft:cobblestone":571,"minecraft:oxeye_daisy":3,"regions_unexplored:hanging_prismarite":3,"divinerpg:raw_rupee":2,"minecraft:andesite":49,"minecraft:potato":3,"minecraft:leather":4,"regions_unexplored:meadow_sage":5,"minecraft:flint":1,"minecraft:oak_log":12,"divinerpg:rupee_ingot":3,"minecraft:yellow_bed":1,"minecraft:gunpowder":9,"regions_unexplored:salmon_poppy_bush":6,"minecraft:lapis_lazuli":30,"minecraft:blue_bed":1,"minecraft:dirt":1978,"regions_unexplored:large_prismarite_cluster":10,"minecraft:bone":16,"minecraft:apple":2,"minecraft:bow":1,"minecraft:wheat_seeds":93,"minecraft:iron_ingot":1,"regions_unexplored:pine_boat":6,"minecraft:oak_planks":2,"regions_unexplored:orange_maple_leaf_pile":2,"divinerpg:realmite_ingot":1,"minecraft:birch_boat":10,"minecraft:pumpkin":1,"divinerpg:cyclops_eye_shards":2,"minecraft:dandelion":20,"regions_unexplored:oak_shrub":1,"minecraft:dripstone_block":6,"minecraft:sand":30,"minecraft:spruce_sapling":1,"divinerpg:aquatic_pellets":4,"minecraft:white_bed":7,"divinerpg:ender_shards":1,"minecraft:bundle":2,"minecraft:spider_eye":3,"regions_unexplored:maple_slab":4,"regions_unexplored:hyssop":4,"minecraft:diamond_shovel":1,"regions_unexplored:fireweed":2,"minecraft:diamond":90,"minecraft:iron_helmet":1,"minecraft:granite":44,"regions_unexplored:magnolia_fence":1,"minecraft:bread":42,"mca:book_infection":3,"tombstone:magic_scroll":4,"minecraft:oak_sapling":1,"minecraft:coal":95,"minecraft:oak_leaves":1,"minecraft:sunflower":1},"minecraft:broken":{"minecraft:stone_pickaxe":2,"minecraft:shield":1,"minecraft:diamond_shovel":1},"minecraft:used":{"minecraft:stone_sword":82,"minecraft:flint_and_steel":1,"minecraft:diamond_hoe":237,"minecraft:chest":4,"minecraft:shield":99,"regions_unexplored:maple_planks":12,"minecraft:iron_chestplate":1,"minecraft:torch":8,"minecraft:dirt":355,"minecraft:carrot":23,"regions_unexplored:oak_shrub":1,"minecraft:obsidian":10,"regions_unexplored:magnolia_fence":1,"minecraft:lava_bucket":4,"minecraft:iron_helmet":1,"minecraft:iron_boots":1,"minecraft:oak_sapling":1,"minecraft:furnace":3,"tombstone:gift":1,"minecraft:egg":2,"minecraft:potato":3,"minecraft:pointed_dripstone":2,"minecraft:cobbled_deepslate":43,"minecraft:iron_leggings":1,"minecraft:wheat_seeds":47,"minecraft:water_bucket":65,"minecraft:diorite":4,"minecraft:diamond_boots":1,"minecraft:stone_pickaxe":262,"minecraft:cauldron":4,"minecraft:wooden_pickaxe":5,"minecraft:birch_boat":9,"minecraft:sugar_cane":14,"minecraft:blue_bed":1,"minecraft:sand":16,"minecraft:crafting_table":11,"minecraft:white_bed":7,"divinerpg:rupee_rapier":656,"minecraft:dripstone_block":4,"minecraft:diamond_pickaxe":709,"minecraft:apple":5,"minecraft:diamond_shovel":1972,"regions_unexplored:pine_boat":6,"minecraft:bread":125,"minecraft:iron_pickaxe":197,"tombstone:magic_scroll":2,"minecraft:stone_axe":75,"minecraft:spruce_sapling":1,"minecraft:diamond_sword":115,"minecraft:cobblestone":228,"minecraft:andesite":6,"minecraft:bucket":69,"minecraft:yellow_bed":1},"minecraft:dropped":{"minecraft:bread":42,"minecraft:wheat_seeds":20,"minecraft:diamond":29,"minecraft:dripstone_block":2,"minecraft:iron_helmet":2,"minecraft:cobblestone":67,"divinerpg:rupee_rapier":1,"minecraft:granite":44,"minecraft:oxeye_daisy":2,"minecraft:dirt":21,"mca:book_romance":1,"regions_unexplored:salmon_poppy_bush":6,"minecraft:diorite":5,"regions_unexplored:orange_maple_sapling":1,"minecraft:diamond_helmet":1,"tombstone:grave_dust":5,"minecraft:iron_leggings":2,"minecraft:pumpkin":1,"minecraft:sunflower":1,"minecraft:red_dye":1,"minecraft:iron_pickaxe":2,"minecraft:string":4,"minecraft:dandelion":17,"minecraft:redstone":2,"minecraft:bone":15,"minecraft:furnace":1,"minecraft:coarse_dirt":2,"minecraft:stone_sword":1,"alexsmobs:animal_dictionary":1,"minecraft:cobbled_deepslate":64,"minecraft:raw_copper":10,"minecraft:pointed_dripstone":1,"minecraft:rotten_flesh":39,"minecraft:iron_boots":1,"regions_unexplored:maple_slab":4,"regions_unexplored:hyssop":2,"minecraft:azure_bluet":2,"divinerpg:terran_shards":18,"minecraft:flint_and_steel":2,"minecraft:poppy":1,"minecraft:gunpowder":2,"regions_unexplored:maple_leaf_pile":3,"minecraft:iron_chestplate":1,"minecraft:andesite":19,"minecraft:beetroot_seeds":1,"mca:book_infection":3,"minecraft:spider_eye":2,"minecraft:light_gray_dye":1,"minecraft:arrow":10,"minecraft:wooden_pickaxe":1,"regions_unexplored:meadow_sage":5,"regions_unexplored:silt_dirt":2,"minecraft:oak_leaves":1},"minecraft:mined":{"minecraft:diamond_ore":3,"minecraft:white_bed":6,"regions_unexplored:maple_planks":19,"minecraft:deepslate_diamond_ore":73,"minecraft:sculk_vein":1,"divinerpg:arlemite_ore_deepslate":15,"divinerpg:realmite_ore":24,"minecraft:obsidian":22,"minecraft:glow_lichen":1,"regions_unexplored:hanging_prismarite":3,"minecraft:granite":45,"minecraft:grass_block":989,"regions_unexplored:large_prismarite_cluster":10,"minecraft:oxeye_daisy":2,"minecraft:spawner":1,"minecraft:hay_block":138,"minecraft:furnace":3,"minecraft:carrots":12,"minecraft:iron_ore":45,"minecraft:cobbled_deepslate":19,"minecraft:andesite":49,"minecraft:deepslate_lapis_ore":5,"minecraft:azure_bluet":1,"minecraft:potatoes":3,"minecraft:pointed_dripstone":11,"regions_unexplored:maple_leaf_pile":1,"regions_unexplored:medium_grass":1,"minecraft:stone":535,"minecraft:blue_orchid":1,"regions_unexplored:silt_grass_block":1,"regions_unexplored:cave_hyssop":1,"minecraft:soul_sand":1,"regions_unexplored:magnolia_fence":1,"minecraft:dandelion":10,"minecraft:crafting_table":11,"minecraft:torch":1,"regions_unexplored:salmon_poppy_bush":2,"minecraft:poppy":2,"regions_unexplored:silt_dirt":1,"minecraft:sculk_sensor":1,"minecraft:copper_ore":4,"minecraft:tall_grass":50,"minecraft:cobblestone":43,"regions_unexplored:daisy":1,"regions_unexplored:meadow_sage":5,"regions_unexplored:prismarite_cluster":31,"divinerpg:rupee_ore_deepslate":2,"minecraft:oak_planks":2,"minecraft:sugar_cane":10,"minecraft:sculk":7,"minecraft:diorite":10,"minecraft:wall_torch":4,"minecraft:cauldron":2,"regions_unexplored:pine_log":7,"regions_unexplored:hyssop":3,"minecraft:coarse_dirt":2,"minecraft:wheat":4,"minecraft:ice":1,"minecraft:lilac":1,"minecraft:beetroots":1,"minecraft:yellow_bed":1,"minecraft:grass":502,"regions_unexplored:oak_shrub":1,"minecraft:coal_ore":45,"minecraft:oak_log":12,"minecraft:sand":32,"minecraft:sunflower":1,"minecraft:dirt":984,"minecraft:dripstone_block":6,"rpg_companions_tiny_dragons:skeleton":1,"regions_unexplored:prismoss_sprout":4,"minecraft:oak_leaves":16,"minecraft:deepslate":145,"regions_unexplored:fireweed":1}},"DataVersion":3465}