{"stats":{"minecraft:mined":{"minecraft:white_bed":2,"minecraft:soul_sand":1,"minecraft:crafting_table":4,"regions_unexplored:silt_dirt":1,"minecraft:cobblestone":15,"minecraft:oak_planks":2,"minecraft:wall_torch":1,"regions_unexplored:pine_log":7,"minecraft:hay_block":41,"minecraft:coarse_dirt":1,"minecraft:furnace":2,"minecraft:iron_ore":33,"minecraft:grass":3,"minecraft:coal_ore":43,"minecraft:oak_log":12,"minecraft:dirt":4,"minecraft:stone":110,"regions_unexplored:silt_grass_block":1,"minecraft:oak_leaves":8},"minecraft:picked_up":{"minecraft:coarse_dirt":1,"minecraft:crafting_table":4,"regions_unexplored:silt_dirt":2,"minecraft:oak_log":12,"minecraft:dirt":5,"regions_unexplored:pine_log":7,"minecraft:oak_planks":2,"minecraft:furnace":2,"minecraft:raw_iron":33,"minecraft:torch":1,"divinerpg:terran_shards":6,"minecraft:white_bed":2,"minecraft:redstone":2,"minecraft:hay_block":40,"minecraft:oak_sapling":1,"minecraft:coal":57,"minecraft:cobblestone":122},"minecraft:killed":{"minecraft:zombie":1,"divinerpg:kobblin":2},"minecraft:broken":{"minecraft:stone_pickaxe":1},"minecraft:crafted":{"minecraft:crafting_table":1,"minecraft:wooden_pickaxe":1,"minecraft:iron_helmet":1,"minecraft:furnace":1,"minecraft:bucket":1,"minecraft:stone_axe":1,"minecraft:bread":72,"minecraft:air":0,"regions_unexplored:pine_planks":28,"minecraft:iron_boots":1,"minecraft:iron_chestplate":1,"minecraft:shield":1,"minecraft:stick":12,"minecraft:iron_ingot":29,"minecraft:stone_pickaxe":2,"minecraft:stone_sword":1,"minecraft:iron_leggings":1,"minecraft:torch":4,"minecraft:wheat":216},"minecraft:dropped":{"minecraft:coarse_dirt":1,"alexsmobs:animal_dictionary":1,"divinerpg:terran_shards":5,"minecraft:dirt":4,"minecraft:wooden_pickaxe":1,"regions_unexplored:silt_dirt":2},"minecraft:used":{"minecraft:water_bucket":1,"minecraft:stone_sword":21,"minecraft:stone_pickaxe":203,"minecraft:wooden_pickaxe":5,"minecraft:iron_chestplate":1,"minecraft:torch":1,"minecraft:crafting_table":4,"minecraft:white_bed":1,"minecraft:apple":3,"minecraft:bread":7,"minecraft:iron_helmet":1,"minecraft:iron_boots":1,"minecraft:stone_axe":43,"minecraft:cobblestone":29,"minecraft:furnace":2,"minecraft:oak_sapling":1,"minecraft:bucket":2,"minecraft:iron_leggings":1},"minecraft:custom":{"minecraft:interact_with_furnace":19,"minecraft:mob_kills":3,"minecraft:interact_with_crafting_table":14,"minecraft:interact_with_loom":1,"minecraft:leave_game":1,"minecraft:time_since_death":45455,"minecraft:sleep_in_bed":1,"minecraft:time_since_rest":10366,"minecraft:sprint_one_cm":91585,"minecraft:damage_taken":318,"minecraft:walk_one_cm":117353,"minecraft:drop":14,"minecraft:damage_dealt":907,"minecraft:fly_one_cm":137096,"minecraft:open_chest":6,"minecraft:crouch_one_cm":3031,"minecraft:play_time":45455,"tombstone:undead_killed":1,"minecraft:sneak_time":1370,"minecraft:walk_under_water_one_cm":402,"minecraft:jump":811,"minecraft:walk_on_water_one_cm":613,"minecraft:total_world_time":45455,"minecraft:fall_one_cm":28232}},"DataVersion":3465}