{"stats":{"minecraft:mined":{"minecraft:white_bed":3,"minecraft:soul_sand":1,"minecraft:deepslate_diamond_ore":70,"minecraft:sculk_vein":1,"divinerpg:realmite_ore":10,"minecraft:crafting_table":8,"minecraft:glow_lichen":1,"regions_unexplored:silt_dirt":1,"minecraft:sculk_sensor":1,"minecraft:cobblestone":23,"minecraft:oak_planks":2,"minecraft:sculk":7,"minecraft:diorite":3,"minecraft:wall_torch":4,"regions_unexplored:pine_log":7,"minecraft:spawner":1,"minecraft:hay_block":41,"minecraft:coarse_dirt":1,"minecraft:furnace":3,"minecraft:iron_ore":43,"minecraft:andesite":11,"minecraft:grass":3,"minecraft:oak_log":12,"minecraft:pointed_dripstone":1,"minecraft:coal_ore":43,"minecraft:dripstone_block":3,"minecraft:dirt":4,"minecraft:stone":166,"regions_unexplored:silt_grass_block":1,"minecraft:oak_leaves":8,"minecraft:deepslate":130},"minecraft:picked_up":{"minecraft:crafting_table":8,"minecraft:coarse_dirt":1,"minecraft:andesite":11,"regions_unexplored:silt_dirt":2,"minecraft:oak_log":12,"minecraft:dirt":5,"minecraft:iron_leggings":1,"regions_unexplored:pine_log":7,"minecraft:cobbled_deepslate":128,"minecraft:oak_planks":2,"minecraft:furnace":3,"minecraft:raw_iron":43,"minecraft:torch":4,"divinerpg:terran_shards":6,"minecraft:dripstone_block":3,"minecraft:pointed_dripstone":1,"minecraft:diorite":3,"minecraft:white_bed":4,"minecraft:redstone":2,"minecraft:diamond":70,"divinerpg:raw_realmite":10,"minecraft:hay_block":40,"minecraft:iron_helmet":1,"minecraft:oak_sapling":1,"minecraft:coal":93,"minecraft:cobblestone":183},"minecraft:killed":{"minecraft:skeleton":1,"minecraft:zombie":1,"divinerpg:miner":1,"divinerpg:kobblin":2},"minecraft:broken":{"minecraft:stone_pickaxe":2},"minecraft:crafted":{"minecraft:crafting_table":1,"minecraft:wooden_pickaxe":1,"minecraft:iron_helmet":1,"minecraft:furnace":1,"minecraft:bucket":1,"minecraft:stone_axe":1,"minecraft:bread":72,"minecraft:air":0,"regions_unexplored:pine_planks":28,"minecraft:diamond_leggings":1,"minecraft:diamond_helmet":2,"minecraft:iron_boots":1,"minecraft:iron_chestplate":1,"minecraft:diamond_pickaxe":1,"minecraft:shield":1,"minecraft:stick":16,"minecraft:iron_ingot":32,"minecraft:iron_pickaxe":1,"minecraft:stone_pickaxe":2,"minecraft:stone_sword":1,"minecraft:diamond_boots":1,"minecraft:iron_leggings":1,"minecraft:torch":4,"minecraft:wheat":216,"minecraft:diamond_chestplate":1},"minecraft:dropped":{"minecraft:coarse_dirt":1,"alexsmobs:animal_dictionary":1,"minecraft:cobbled_deepslate":64,"minecraft:pointed_dripstone":1,"minecraft:iron_helmet":2,"minecraft:cobblestone":67,"minecraft:iron_boots":1,"divinerpg:terran_shards":6,"minecraft:dirt":5,"minecraft:diorite":3,"minecraft:iron_chestplate":1,"minecraft:andesite":11,"minecraft:iron_leggings":2,"minecraft:wooden_pickaxe":1,"regions_unexplored:silt_dirt":2,"minecraft:redstone":2},"minecraft:used":{"minecraft:water_bucket":9,"minecraft:diamond_boots":1,"minecraft:stone_sword":36,"minecraft:stone_pickaxe":262,"minecraft:wooden_pickaxe":5,"minecraft:iron_chestplate":1,"minecraft:torch":8,"minecraft:crafting_table":8,"minecraft:white_bed":3,"minecraft:dripstone_block":3,"minecraft:diamond_pickaxe":102,"minecraft:apple":3,"minecraft:bread":10,"minecraft:iron_pickaxe":153,"minecraft:iron_helmet":1,"minecraft:iron_boots":1,"minecraft:stone_axe":47,"minecraft:cobblestone":40,"minecraft:furnace":3,"minecraft:oak_sapling":1,"minecraft:bucket":10,"minecraft:cobbled_deepslate":15,"minecraft:iron_leggings":1},"minecraft:custom":{"minecraft:interact_with_furnace":22,"minecraft:mob_kills":5,"minecraft:interact_with_crafting_table":20,"minecraft:interact_with_loom":1,"minecraft:leave_game":3,"minecraft:time_since_death":70668,"minecraft:sleep_in_bed":3,"minecraft:time_since_rest":8878,"minecraft:sprint_one_cm":105212,"minecraft:damage_taken":332,"minecraft:walk_one_cm":171022,"minecraft:drop":33,"minecraft:damage_dealt":1430,"minecraft:fly_one_cm":151209,"minecraft:open_chest":6,"minecraft:play_time":70668,"minecraft:crouch_one_cm":26054,"tombstone:undead_killed":3,"minecraft:sneak_time":9631,"minecraft:walk_under_water_one_cm":5250,"minecraft:jump":1096,"minecraft:walk_on_water_one_cm":3083,"minecraft:total_world_time":70668,"minecraft:fall_one_cm":32991}},"DataVersion":3465}