{"stats":{"minecraft:mined":{"minecraft:white_bed":5,"minecraft:deepslate_diamond_ore":70,"minecraft:sculk_vein":1,"divinerpg:arlemite_ore_deepslate":7,"divinerpg:realmite_ore":21,"minecraft:glow_lichen":1,"minecraft:granite":45,"minecraft:grass_block":815,"minecraft:oxeye_daisy":1,"minecraft:spawner":1,"minecraft:hay_block":138,"minecraft:furnace":3,"minecraft:iron_ore":45,"minecraft:andesite":49,"minecraft:pointed_dripstone":8,"minecraft:stone":445,"regions_unexplored:silt_grass_block":1,"minecraft:soul_sand":1,"minecraft:crafting_table":10,"minecraft:poppy":1,"regions_unexplored:silt_dirt":1,"minecraft:sculk_sensor":1,"minecraft:copper_ore":4,"minecraft:tall_grass":11,"minecraft:cobblestone":25,"minecraft:oak_planks":2,"minecraft:sculk":7,"minecraft:diorite":10,"minecraft:wall_torch":4,"regions_unexplored:pine_log":7,"minecraft:coarse_dirt":2,"minecraft:ice":1,"minecraft:grass":39,"minecraft:coal_ore":45,"minecraft:oak_log":12,"minecraft:dirt":763,"minecraft:dripstone_block":6,"rpg_companions_tiny_dragons:skeleton":1,"minecraft:oak_leaves":8,"minecraft:deepslate":137},"minecraft:picked_up":{"minecraft:coarse_dirt":2,"minecraft:crafting_table":10,"minecraft:azure_bluet":1,"regions_unexplored:silt_dirt":2,"minecraft:string":2,"minecraft:raw_copper":10,"minecraft:iron_leggings":1,"regions_unexplored:orange_maple_sapling":1,"regions_unexplored:pine_log":7,"minecraft:cobbled_deepslate":134,"divinerpg:raw_arlemite":7,"minecraft:poppy":1,"minecraft:iron_pickaxe":1,"minecraft:furnace":3,"minecraft:raw_iron":45,"minecraft:torch":4,"divinerpg:terran_shards":7,"minecraft:porkchop":3,"minecraft:pointed_dripstone":10,"minecraft:diorite":9,"minecraft:redstone":2,"minecraft:rotten_flesh":4,"divinerpg:raw_realmite":21,"minecraft:hay_block":133,"minecraft:cobblestone":465,"minecraft:oxeye_daisy":2,"minecraft:andesite":49,"minecraft:oak_log":12,"minecraft:gunpowder":4,"minecraft:dirt":1587,"minecraft:blue_bed":1,"minecraft:wheat_seeds":27,"regions_unexplored:pine_boat":1,"minecraft:oak_planks":2,"regions_unexplored:orange_maple_leaf_pile":2,"divinerpg:realmite_ingot":1,"minecraft:dripstone_block":6,"minecraft:white_bed":6,"minecraft:spider_eye":1,"minecraft:diamond_shovel":1,"minecraft:diamond":75,"minecraft:iron_helmet":1,"minecraft:granite":44,"minecraft:oak_sapling":1,"minecraft:coal":95},"minecraft:killed":{"minecraft:cave_spider":1,"divinerpg:cave_crawler":1,"minecraft:skeleton":2,"divinerpg:kobblin":5,"minecraft:pig":1,"minecraft:creeper":3,"divinerpg:miner":2,"minecraft:zombie":3},"minecraft:broken":{"minecraft:stone_pickaxe":2},"minecraft:crafted":{"minecraft:oak_planks":16,"minecraft:diamond_hoe":1,"minecraft:furnace":1,"minecraft:diamond_helmet":2,"minecraft:diamond_leggings":1,"minecraft:iron_boots":1,"minecraft:stone_pickaxe":2,"minecraft:chest":2,"minecraft:diamond_boots":1,"minecraft:wheat":216,"minecraft:red_dye":1,"minecraft:diamond_sword":1,"minecraft:crafting_table":1,"minecraft:wooden_pickaxe":1,"minecraft:iron_helmet":1,"regions_unexplored:pine_boat":1,"minecraft:bucket":1,"minecraft:stone_axe":1,"minecraft:bread":72,"minecraft:air":0,"regions_unexplored:pine_planks":28,"minecraft:iron_chestplate":1,"minecraft:diamond_pickaxe":1,"minecraft:shield":1,"minecraft:stick":20,"minecraft:iron_ingot":32,"minecraft:iron_pickaxe":1,"minecraft:stone_sword":1,"minecraft:iron_leggings":1,"minecraft:light_gray_dye":1,"minecraft:torch":16,"minecraft:diamond_chestplate":1},"minecraft:dropped":{"minecraft:diamond":26,"minecraft:dripstone_block":1,"minecraft:iron_helmet":2,"minecraft:cobblestone":67,"minecraft:granite":43,"minecraft:dirt":17,"minecraft:diorite":3,"regions_unexplored:orange_maple_sapling":1,"minecraft:diamond_helmet":1,"minecraft:iron_leggings":2,"minecraft:iron_pickaxe":2,"minecraft:redstone":2,"minecraft:coarse_dirt":2,"minecraft:stone_sword":1,"alexsmobs:animal_dictionary":1,"minecraft:cobbled_deepslate":64,"minecraft:pointed_dripstone":1,"minecraft:rotten_flesh":4,"minecraft:iron_boots":1,"divinerpg:terran_shards":7,"minecraft:iron_chestplate":1,"minecraft:andesite":11,"minecraft:light_gray_dye":1,"minecraft:wooden_pickaxe":1,"regions_unexplored:silt_dirt":2},"minecraft:used":{"minecraft:stone_sword":82,"minecraft:diamond_hoe":97,"minecraft:chest":2,"minecraft:shield":4,"minecraft:iron_chestplate":1,"minecraft:torch":8,"minecraft:dirt":6,"minecraft:iron_helmet":1,"minecraft:iron_boots":1,"minecraft:oak_sapling":1,"minecraft:furnace":3,"minecraft:cobbled_deepslate":15,"minecraft:iron_leggings":1,"minecraft:water_bucket":26,"minecraft:diorite":4,"minecraft:diamond_boots":1,"minecraft:stone_pickaxe":262,"minecraft:wooden_pickaxe":5,"minecraft:blue_bed":1,"minecraft:crafting_table":10,"minecraft:white_bed":6,"minecraft:dripstone_block":4,"minecraft:diamond_pickaxe":488,"minecraft:apple":3,"minecraft:diamond_shovel":1595,"regions_unexplored:pine_boat":1,"minecraft:bread":28,"minecraft:iron_pickaxe":197,"minecraft:stone_axe":55,"minecraft:diamond_sword":19,"minecraft:cobblestone":168,"minecraft:bucket":27,"minecraft:andesite":6},"minecraft:custom":{"minecraft:mob_kills":18,"minecraft:interact_with_crafting_table":24,"minecraft:leave_game":3,"minecraft:time_since_death":130187,"minecraft:sprint_one_cm":258639,"minecraft:walk_one_cm":437211,"minecraft:damage_blocked_by_shield":240,"minecraft:drop":54,"minecraft:talked_to_villager":1,"minecraft:play_time":130187,"minecraft:sneak_time":11988,"minecraft:walk_under_water_one_cm":23623,"minecraft:boat_one_cm":13933,"minecraft:jump":1988,"minecraft:walk_on_water_one_cm":14241,"minecraft:total_world_time":130187,"minecraft:interact_with_furnace":22,"minecraft:interact_with_loom":1,"minecraft:sleep_in_bed":8,"minecraft:time_since_rest":28655,"minecraft:damage_taken":973,"minecraft:damage_dealt":4331,"minecraft:swim_one_cm":38413,"minecraft:fly_one_cm":303958,"minecraft:open_chest":24,"minecraft:crouch_one_cm":36230,"tombstone:undead_killed":7,"minecraft:fall_one_cm":49042}},"DataVersion":3465}