{"stats":{"minecraft:mined":{"minecraft:white_bed":5,"minecraft:deepslate_diamond_ore":70,"minecraft:sculk_vein":1,"divinerpg:realmite_ore":21,"minecraft:glow_lichen":1,"minecraft:granite":44,"minecraft:grass_block":802,"minecraft:oxeye_daisy":1,"minecraft:spawner":1,"minecraft:hay_block":138,"minecraft:furnace":3,"minecraft:iron_ore":43,"minecraft:andesite":41,"minecraft:pointed_dripstone":1,"minecraft:stone":390,"regions_unexplored:silt_grass_block":1,"minecraft:soul_sand":1,"minecraft:crafting_table":10,"minecraft:poppy":1,"regions_unexplored:silt_dirt":1,"minecraft:sculk_sensor":1,"minecraft:tall_grass":11,"minecraft:cobblestone":23,"minecraft:oak_planks":2,"minecraft:sculk":7,"minecraft:diorite":8,"minecraft:wall_torch":4,"regions_unexplored:pine_log":7,"minecraft:coarse_dirt":2,"minecraft:ice":1,"minecraft:grass":38,"minecraft:coal_ore":45,"minecraft:oak_log":12,"minecraft:dirt":730,"minecraft:dripstone_block":5,"minecraft:oak_leaves":8,"minecraft:deepslate":130},"minecraft:picked_up":{"minecraft:coarse_dirt":2,"minecraft:crafting_table":10,"minecraft:azure_bluet":1,"regions_unexplored:silt_dirt":2,"minecraft:iron_leggings":1,"regions_unexplored:orange_maple_sapling":1,"regions_unexplored:pine_log":7,"minecraft:cobbled_deepslate":128,"minecraft:poppy":1,"minecraft:iron_pickaxe":1,"minecraft:furnace":3,"minecraft:raw_iron":43,"minecraft:torch":4,"divinerpg:terran_shards":7,"minecraft:pointed_dripstone":1,"minecraft:diorite":7,"minecraft:redstone":2,"minecraft:rotten_flesh":2,"divinerpg:raw_realmite":21,"minecraft:hay_block":133,"minecraft:cobblestone":408,"minecraft:oxeye_daisy":2,"minecraft:andesite":41,"minecraft:oak_log":12,"minecraft:dirt":1530,"minecraft:blue_bed":1,"minecraft:wheat_seeds":26,"regions_unexplored:pine_boat":1,"minecraft:oak_planks":2,"regions_unexplored:orange_maple_leaf_pile":2,"minecraft:dripstone_block":5,"minecraft:white_bed":6,"minecraft:diamond_shovel":1,"minecraft:diamond":75,"minecraft:iron_helmet":1,"minecraft:granite":43,"minecraft:oak_sapling":1,"minecraft:coal":95},"minecraft:killed":{"minecraft:skeleton":1,"divinerpg:kobblin":4,"divinerpg:miner":2,"minecraft:zombie":3},"minecraft:broken":{"minecraft:stone_pickaxe":2},"minecraft:crafted":{"minecraft:oak_planks":16,"minecraft:diamond_hoe":1,"minecraft:furnace":1,"minecraft:diamond_helmet":2,"minecraft:diamond_leggings":1,"minecraft:iron_boots":1,"minecraft:stone_pickaxe":2,"minecraft:chest":2,"minecraft:diamond_boots":1,"minecraft:wheat":216,"minecraft:red_dye":1,"minecraft:crafting_table":1,"minecraft:wooden_pickaxe":1,"minecraft:iron_helmet":1,"regions_unexplored:pine_boat":1,"minecraft:bucket":1,"minecraft:stone_axe":1,"minecraft:bread":72,"minecraft:air":0,"regions_unexplored:pine_planks":28,"minecraft:iron_chestplate":1,"minecraft:diamond_pickaxe":1,"minecraft:shield":1,"minecraft:stick":16,"minecraft:iron_ingot":32,"minecraft:iron_pickaxe":1,"minecraft:stone_sword":1,"minecraft:iron_leggings":1,"minecraft:light_gray_dye":1,"minecraft:torch":4,"minecraft:diamond_chestplate":1},"minecraft:dropped":{"minecraft:diamond":26,"minecraft:dripstone_block":1,"minecraft:iron_helmet":2,"minecraft:cobblestone":67,"minecraft:granite":43,"minecraft:dirt":17,"minecraft:diorite":3,"regions_unexplored:orange_maple_sapling":1,"minecraft:diamond_helmet":1,"minecraft:iron_leggings":2,"minecraft:iron_pickaxe":2,"minecraft:redstone":2,"minecraft:coarse_dirt":2,"alexsmobs:animal_dictionary":1,"minecraft:cobbled_deepslate":64,"minecraft:pointed_dripstone":1,"minecraft:rotten_flesh":2,"minecraft:iron_boots":1,"divinerpg:terran_shards":7,"minecraft:iron_chestplate":1,"minecraft:andesite":11,"minecraft:light_gray_dye":1,"minecraft:wooden_pickaxe":1,"regions_unexplored:silt_dirt":2},"minecraft:used":{"minecraft:stone_sword":74,"minecraft:diamond_hoe":97,"minecraft:chest":2,"minecraft:shield":3,"minecraft:iron_chestplate":1,"minecraft:torch":8,"minecraft:dirt":6,"minecraft:iron_helmet":1,"minecraft:iron_boots":1,"minecraft:oak_sapling":1,"minecraft:furnace":3,"minecraft:cobbled_deepslate":15,"minecraft:iron_leggings":1,"minecraft:water_bucket":26,"minecraft:diorite":4,"minecraft:diamond_boots":1,"minecraft:stone_pickaxe":262,"minecraft:wooden_pickaxe":5,"minecraft:blue_bed":1,"minecraft:crafting_table":10,"minecraft:white_bed":6,"minecraft:dripstone_block":4,"minecraft:diamond_pickaxe":387,"minecraft:apple":3,"minecraft:diamond_shovel":1553,"regions_unexplored:pine_boat":1,"minecraft:bread":22,"minecraft:iron_pickaxe":197,"minecraft:stone_axe":55,"minecraft:cobblestone":158,"minecraft:bucket":27,"minecraft:andesite":6},"minecraft:custom":{"minecraft:mob_kills":10,"minecraft:interact_with_crafting_table":23,"minecraft:leave_game":3,"minecraft:time_since_death":118187,"minecraft:sprint_one_cm":205919,"minecraft:walk_one_cm":404669,"minecraft:damage_blocked_by_shield":210,"minecraft:drop":52,"minecraft:talked_to_villager":1,"minecraft:play_time":118187,"minecraft:sneak_time":11645,"minecraft:walk_under_water_one_cm":20729,"minecraft:boat_one_cm":13933,"minecraft:jump":1791,"minecraft:walk_on_water_one_cm":9566,"minecraft:total_world_time":118187,"minecraft:interact_with_furnace":22,"minecraft:interact_with_loom":1,"minecraft:sleep_in_bed":8,"minecraft:time_since_rest":16655,"minecraft:damage_taken":788,"minecraft:damage_dealt":2781,"minecraft:swim_one_cm":12288,"minecraft:fly_one_cm":256300,"minecraft:open_chest":18,"minecraft:crouch_one_cm":35962,"tombstone:undead_killed":6,"minecraft:fall_one_cm":43862}},"DataVersion":3465}