{"stats":{"minecraft:mined":{"minecraft:white_bed":5,"minecraft:soul_sand":1,"minecraft:deepslate_diamond_ore":70,"minecraft:sculk_vein":1,"divinerpg:realmite_ore":21,"minecraft:crafting_table":9,"minecraft:glow_lichen":1,"minecraft:granite":44,"minecraft:poppy":1,"regions_unexplored:silt_dirt":1,"minecraft:sculk_sensor":1,"minecraft:cobblestone":23,"minecraft:oak_planks":2,"minecraft:sculk":7,"minecraft:oxeye_daisy":1,"minecraft:diorite":8,"minecraft:wall_torch":4,"regions_unexplored:pine_log":7,"minecraft:spawner":1,"minecraft:hay_block":41,"minecraft:coarse_dirt":2,"minecraft:furnace":3,"minecraft:iron_ore":43,"minecraft:ice":1,"minecraft:andesite":41,"minecraft:grass":4,"minecraft:oak_log":12,"minecraft:pointed_dripstone":1,"minecraft:coal_ore":45,"minecraft:dripstone_block":5,"minecraft:dirt":22,"minecraft:stone":374,"regions_unexplored:silt_grass_block":1,"minecraft:oak_leaves":8,"minecraft:deepslate":130},"minecraft:picked_up":{"minecraft:crafting_table":9,"minecraft:coarse_dirt":2,"minecraft:andesite":41,"regions_unexplored:silt_dirt":2,"minecraft:oak_log":12,"minecraft:blue_bed":1,"minecraft:dirt":23,"minecraft:iron_leggings":1,"regions_unexplored:pine_log":7,"minecraft:cobbled_deepslate":128,"minecraft:poppy":1,"minecraft:iron_pickaxe":1,"regions_unexplored:pine_boat":1,"minecraft:oak_planks":2,"minecraft:furnace":3,"minecraft:raw_iron":43,"minecraft:torch":4,"divinerpg:terran_shards":6,"minecraft:dripstone_block":5,"minecraft:pointed_dripstone":1,"minecraft:diorite":7,"minecraft:white_bed":6,"minecraft:redstone":2,"minecraft:rotten_flesh":2,"minecraft:diamond":75,"divinerpg:raw_realmite":21,"minecraft:hay_block":40,"minecraft:iron_helmet":1,"minecraft:granite":43,"minecraft:oak_sapling":1,"minecraft:coal":95,"minecraft:cobblestone":391,"minecraft:oxeye_daisy":1},"minecraft:killed":{"minecraft:skeleton":1,"minecraft:zombie":1,"divinerpg:miner":2,"divinerpg:kobblin":2},"minecraft:broken":{"minecraft:stone_pickaxe":2},"minecraft:crafted":{"minecraft:red_dye":1,"minecraft:crafting_table":1,"minecraft:wooden_pickaxe":1,"minecraft:iron_helmet":1,"minecraft:furnace":1,"regions_unexplored:pine_boat":1,"minecraft:bucket":1,"minecraft:stone_axe":1,"minecraft:bread":72,"minecraft:air":0,"regions_unexplored:pine_planks":28,"minecraft:diamond_leggings":1,"minecraft:diamond_helmet":2,"minecraft:iron_boots":1,"minecraft:iron_chestplate":1,"minecraft:diamond_pickaxe":1,"minecraft:shield":1,"minecraft:stick":16,"minecraft:iron_ingot":32,"minecraft:iron_pickaxe":1,"minecraft:stone_pickaxe":2,"minecraft:stone_sword":1,"minecraft:diamond_boots":1,"minecraft:iron_leggings":1,"minecraft:light_gray_dye":1,"minecraft:torch":4,"minecraft:wheat":216,"minecraft:diamond_chestplate":1},"minecraft:dropped":{"minecraft:coarse_dirt":2,"alexsmobs:animal_dictionary":1,"minecraft:cobbled_deepslate":64,"minecraft:diamond":26,"minecraft:pointed_dripstone":1,"minecraft:iron_helmet":2,"minecraft:cobblestone":67,"minecraft:rotten_flesh":2,"minecraft:iron_boots":1,"minecraft:granite":43,"divinerpg:terran_shards":6,"minecraft:dirt":17,"minecraft:diorite":3,"minecraft:iron_chestplate":1,"minecraft:andesite":11,"minecraft:diamond_helmet":1,"minecraft:iron_leggings":2,"minecraft:light_gray_dye":1,"minecraft:iron_pickaxe":2,"minecraft:wooden_pickaxe":1,"regions_unexplored:silt_dirt":2,"minecraft:redstone":2},"minecraft:used":{"minecraft:water_bucket":26,"minecraft:diorite":4,"minecraft:diamond_boots":1,"minecraft:stone_sword":46,"minecraft:stone_pickaxe":262,"minecraft:wooden_pickaxe":5,"minecraft:blue_bed":1,"minecraft:iron_chestplate":1,"minecraft:torch":8,"minecraft:dirt":6,"minecraft:crafting_table":9,"minecraft:white_bed":5,"minecraft:dripstone_block":4,"minecraft:diamond_pickaxe":371,"minecraft:apple":3,"regions_unexplored:pine_boat":1,"minecraft:bread":16,"minecraft:iron_pickaxe":197,"minecraft:iron_helmet":1,"minecraft:iron_boots":1,"minecraft:stone_axe":54,"minecraft:cobblestone":156,"minecraft:furnace":3,"minecraft:oak_sapling":1,"minecraft:andesite":6,"minecraft:bucket":27,"minecraft:cobbled_deepslate":15,"minecraft:iron_leggings":1},"minecraft:custom":{"minecraft:interact_with_furnace":22,"minecraft:mob_kills":6,"minecraft:interact_with_crafting_table":21,"minecraft:interact_with_loom":1,"minecraft:leave_game":3,"minecraft:time_since_death":94187,"minecraft:sleep_in_bed":7,"minecraft:time_since_rest":7428,"minecraft:sprint_one_cm":153728,"minecraft:damage_taken":514,"minecraft:walk_one_cm":227692,"minecraft:drop":49,"minecraft:damage_dealt":1642,"minecraft:swim_one_cm":12288,"minecraft:talked_to_villager":1,"minecraft:fly_one_cm":207838,"minecraft:open_chest":6,"minecraft:play_time":94187,"minecraft:crouch_one_cm":29317,"tombstone:undead_killed":4,"minecraft:sneak_time":10748,"minecraft:walk_under_water_one_cm":20729,"minecraft:boat_one_cm":13933,"minecraft:jump":1588,"minecraft:walk_on_water_one_cm":9566,"minecraft:total_world_time":94187,"minecraft:fall_one_cm":40310}},"DataVersion":3465}