{"stats":{"minecraft:mined":{"minecraft:white_bed":5,"minecraft:deepslate_diamond_ore":73,"minecraft:sculk_vein":1,"divinerpg:arlemite_ore_deepslate":15,"divinerpg:realmite_ore":21,"regions_unexplored:hanging_prismarite":3,"minecraft:glow_lichen":1,"minecraft:granite":45,"minecraft:grass_block":815,"regions_unexplored:large_prismarite_cluster":10,"minecraft:oxeye_daisy":1,"minecraft:spawner":1,"minecraft:hay_block":138,"minecraft:furnace":3,"minecraft:iron_ore":45,"minecraft:andesite":49,"minecraft:deepslate_lapis_ore":5,"minecraft:pointed_dripstone":11,"minecraft:stone":445,"regions_unexplored:silt_grass_block":1,"regions_unexplored:cave_hyssop":1,"minecraft:soul_sand":1,"minecraft:crafting_table":11,"minecraft:poppy":1,"regions_unexplored:silt_dirt":1,"minecraft:sculk_sensor":1,"minecraft:copper_ore":4,"minecraft:tall_grass":11,"minecraft:cobblestone":25,"divinerpg:rupee_ore_deepslate":2,"regions_unexplored:prismarite_cluster":30,"minecraft:oak_planks":2,"minecraft:sculk":7,"minecraft:diorite":10,"minecraft:wall_torch":4,"regions_unexplored:pine_log":7,"minecraft:coarse_dirt":2,"minecraft:ice":1,"minecraft:grass":39,"minecraft:coal_ore":45,"minecraft:oak_log":12,"minecraft:dirt":763,"minecraft:dripstone_block":6,"rpg_companions_tiny_dragons:skeleton":1,"regions_unexplored:prismoss_sprout":4,"minecraft:oak_leaves":8,"minecraft:deepslate":145},"minecraft:picked_up":{"minecraft:coarse_dirt":2,"minecraft:crafting_table":11,"minecraft:azure_bluet":1,"minecraft:structure_block":1,"regions_unexplored:silt_dirt":2,"minecraft:enchanted_book":1,"divinerpg:corrupted_shards":6,"regions_unexplored:prismarite_cluster":30,"minecraft:string":4,"divinerpg:aqua_ball":2,"minecraft:raw_copper":10,"minecraft:iron_leggings":1,"regions_unexplored:orange_maple_sapling":1,"regions_unexplored:pine_log":7,"minecraft:cobbled_deepslate":149,"divinerpg:raw_arlemite":15,"minecraft:poppy":1,"minecraft:iron_pickaxe":1,"minecraft:furnace":3,"divinerpg:arlemite_ingot":3,"minecraft:raw_iron":45,"minecraft:torch":71,"divinerpg:terran_shards":7,"minecraft:porkchop":3,"tombstone:grave_dust":2,"minecraft:pointed_dripstone":14,"minecraft:diorite":9,"minecraft:redstone":2,"minecraft:arrow":2,"minecraft:rotten_flesh":17,"divinerpg:raw_realmite":21,"minecraft:hay_block":133,"minecraft:cobblestone":465,"minecraft:oxeye_daisy":2,"regions_unexplored:hanging_prismarite":3,"divinerpg:raw_rupee":2,"minecraft:andesite":49,"minecraft:oak_log":12,"divinerpg:rupee_ingot":3,"minecraft:gunpowder":4,"minecraft:lapis_lazuli":30,"minecraft:dirt":1587,"minecraft:blue_bed":1,"regions_unexplored:large_prismarite_cluster":10,"minecraft:bone":6,"minecraft:wheat_seeds":27,"regions_unexplored:pine_boat":1,"minecraft:oak_planks":2,"regions_unexplored:orange_maple_leaf_pile":2,"divinerpg:realmite_ingot":1,"minecraft:dripstone_block":6,"minecraft:white_bed":6,"divinerpg:ender_shards":1,"minecraft:spider_eye":1,"minecraft:diamond_shovel":1,"minecraft:diamond":83,"minecraft:iron_helmet":1,"minecraft:granite":44,"tombstone:magic_scroll":1,"minecraft:oak_sapling":1,"minecraft:coal":95},"minecraft:killed":{"minecraft:cave_spider":1,"divinerpg:cave_crawler":4,"divinerpg:the_eye":3,"minecraft:skeleton":11,"divinerpg:rotatick":4,"divinerpg:kobblin":5,"divinerpg:ender_spider":1,"minecraft:pig":1,"minecraft:creeper":4,"divinerpg:miner":6,"minecraft:zombie":25,"divinerpg:the_grue":3},"minecraft:broken":{"minecraft:stone_pickaxe":2},"minecraft:crafted":{"minecraft:oak_planks":16,"minecraft:diamond_hoe":1,"minecraft:furnace":1,"minecraft:diamond_helmet":2,"minecraft:diamond_leggings":1,"minecraft:iron_boots":1,"minecraft:stone_pickaxe":2,"minecraft:chest":2,"minecraft:diamond_boots":1,"minecraft:wheat":216,"minecraft:red_dye":1,"divinerpg:rupee_rapier":1,"minecraft:diamond_sword":1,"minecraft:crafting_table":1,"minecraft:wooden_pickaxe":1,"minecraft:iron_helmet":1,"regions_unexplored:pine_boat":1,"minecraft:bucket":1,"minecraft:stone_axe":1,"minecraft:bread":72,"minecraft:air":0,"regions_unexplored:pine_planks":28,"minecraft:iron_chestplate":1,"minecraft:diamond_pickaxe":1,"minecraft:shield":1,"minecraft:stick":24,"minecraft:iron_ingot":32,"minecraft:iron_pickaxe":1,"minecraft:stone_sword":1,"minecraft:iron_leggings":1,"minecraft:light_gray_dye":1,"minecraft:torch":16,"minecraft:diamond_chestplate":1},"minecraft:dropped":{"minecraft:wheat_seeds":18,"minecraft:diamond":26,"minecraft:dripstone_block":2,"minecraft:iron_helmet":2,"minecraft:cobblestone":67,"minecraft:granite":44,"minecraft:oxeye_daisy":1,"minecraft:dirt":21,"minecraft:diorite":5,"regions_unexplored:orange_maple_sapling":1,"minecraft:diamond_helmet":1,"tombstone:grave_dust":2,"minecraft:iron_leggings":2,"minecraft:red_dye":1,"minecraft:iron_pickaxe":2,"minecraft:string":4,"minecraft:bone":6,"minecraft:redstone":2,"minecraft:furnace":1,"minecraft:coarse_dirt":2,"minecraft:stone_sword":1,"alexsmobs:animal_dictionary":1,"minecraft:cobbled_deepslate":64,"minecraft:raw_copper":10,"minecraft:pointed_dripstone":1,"minecraft:rotten_flesh":17,"minecraft:iron_boots":1,"minecraft:azure_bluet":1,"divinerpg:terran_shards":7,"minecraft:iron_chestplate":1,"minecraft:andesite":19,"minecraft:spider_eye":1,"minecraft:light_gray_dye":1,"minecraft:arrow":2,"minecraft:wooden_pickaxe":1,"regions_unexplored:silt_dirt":2},"minecraft:used":{"minecraft:stone_sword":82,"minecraft:diamond_hoe":97,"minecraft:chest":2,"minecraft:shield":58,"minecraft:iron_chestplate":1,"minecraft:torch":8,"minecraft:dirt":6,"minecraft:iron_helmet":1,"minecraft:iron_boots":1,"minecraft:oak_sapling":1,"minecraft:furnace":3,"tombstone:gift":1,"minecraft:cobbled_deepslate":15,"minecraft:iron_leggings":1,"minecraft:water_bucket":26,"minecraft:diorite":4,"minecraft:diamond_boots":1,"minecraft:stone_pickaxe":262,"minecraft:wooden_pickaxe":5,"minecraft:blue_bed":1,"minecraft:crafting_table":11,"minecraft:white_bed":6,"minecraft:dripstone_block":4,"divinerpg:rupee_rapier":128,"minecraft:diamond_pickaxe":552,"minecraft:apple":3,"minecraft:diamond_shovel":1595,"regions_unexplored:pine_boat":1,"minecraft:bread":47,"minecraft:iron_pickaxe":197,"minecraft:stone_axe":56,"minecraft:diamond_sword":115,"minecraft:cobblestone":178,"minecraft:bucket":27,"minecraft:andesite":6},"minecraft:custom":{"minecraft:mob_kills":69,"minecraft:interact_with_crafting_table":25,"minecraft:leave_game":3,"minecraft:time_since_death":154187,"minecraft:sprint_one_cm":346826,"minecraft:walk_one_cm":555615,"minecraft:damage_blocked_by_shield":1695,"minecraft:drop":73,"minecraft:talked_to_villager":1,"minecraft:play_time":154187,"minecraft:sneak_time":12010,"minecraft:walk_under_water_one_cm":23623,"minecraft:boat_one_cm":13933,"minecraft:jump":2622,"minecraft:walk_on_water_one_cm":15077,"minecraft:total_world_time":154187,"minecraft:interact_with_furnace":23,"minecraft:interact_with_loom":1,"minecraft:sleep_in_bed":8,"minecraft:time_since_rest":52655,"minecraft:damage_taken":1960,"minecraft:damage_dealt":16894,"minecraft:swim_one_cm":38413,"minecraft:fly_one_cm":404479,"minecraft:open_chest":24,"minecraft:crouch_one_cm":36279,"tombstone:undead_killed":42,"minecraft:fall_one_cm":69268}},"DataVersion":3465}