{"stats":{"minecraft:mined":{"minecraft:coarse_dirt":1,"minecraft:iron_ore":10,"minecraft:crafting_table":1,"minecraft:coal_ore":22,"regions_unexplored:silt_dirt":1,"minecraft:dirt":2,"minecraft:cobblestone":1,"minecraft:stone":41,"regions_unexplored:silt_grass_block":1,"regions_unexplored:pine_log":7},"minecraft:picked_up":{"minecraft:coarse_dirt":1,"minecraft:crafting_table":1,"minecraft:raw_iron":10,"regions_unexplored:silt_dirt":2,"minecraft:redstone":2,"minecraft:dirt":2,"regions_unexplored:pine_log":7,"minecraft:coal":22,"minecraft:cobblestone":42},"minecraft:killed":{"minecraft:zombie":1},"minecraft:crafted":{"regions_unexplored:pine_planks":28,"minecraft:iron_boots":1,"minecraft:crafting_table":1,"minecraft:stick":8,"minecraft:iron_helmet":1,"minecraft:iron_ingot":9,"minecraft:wooden_pickaxe":1,"minecraft:stone_pickaxe":1,"minecraft:stone_sword":1,"minecraft:furnace":1,"minecraft:stone_axe":1,"minecraft:air":0},"minecraft:dropped":{"minecraft:dirt":2,"minecraft:coarse_dirt":1,"alexsmobs:animal_dictionary":1,"minecraft:wooden_pickaxe":1,"regions_unexplored:silt_dirt":2},"minecraft:used":{"minecraft:stone_sword":4,"minecraft:stone_pickaxe":69,"minecraft:wooden_pickaxe":5,"minecraft:stone_axe":1,"minecraft:cobblestone":3,"minecraft:crafting_table":2,"minecraft:furnace":1},"minecraft:custom":{"minecraft:time_since_rest":10177,"minecraft:interact_with_furnace":6,"minecraft:sprint_one_cm":14985,"minecraft:damage_taken":75,"minecraft:walk_one_cm":30121,"minecraft:mob_kills":1,"minecraft:drop":7,"minecraft:damage_dealt":169,"minecraft:interact_with_crafting_table":6,"minecraft:fly_one_cm":14827,"minecraft:crouch_one_cm":757,"minecraft:play_time":10177,"tombstone:undead_killed":1,"minecraft:sneak_time":352,"minecraft:jump":189,"minecraft:time_since_death":10177,"minecraft:total_world_time":10177,"minecraft:fall_one_cm":5848}},"DataVersion":3465}