{"stats":{"minecraft:crafted":{"minecraft:oak_planks":16,"minecraft:diamond_hoe":1,"regions_unexplored:maple_planks":12,"minecraft:furnace":1,"minecraft:diamond_shovel":1,"minecraft:diamond_helmet":2,"minecraft:diamond_leggings":1,"minecraft:iron_boots":1,"minecraft:stone_pickaxe":2,"minecraft:chest":4,"minecraft:diamond_boots":1,"minecraft:wheat":216,"minecraft:red_dye":1,"divinerpg:rupee_rapier":1,"minecraft:diamond_sword":1,"minecraft:cauldron":1,"minecraft:crafting_table":1,"minecraft:iron_helmet":1,"minecraft:wooden_pickaxe":1,"regions_unexplored:pine_boat":1,"minecraft:bucket":1,"minecraft:stone_axe":1,"minecraft:bread":72,"minecraft:air":0,"regions_unexplored:pine_planks":28,"minecraft:iron_chestplate":1,"minecraft:diamond_pickaxe":1,"minecraft:shield":1,"minecraft:stick":24,"minecraft:iron_ingot":32,"minecraft:iron_pickaxe":1,"minecraft:stone_sword":1,"minecraft:iron_leggings":1,"minecraft:light_gray_dye":1,"minecraft:torch":16,"minecraft:diamond_chestplate":1},"minecraft:killed":{"minecraft:cave_spider":1,"divinerpg:cyclops":1,"divinerpg:cave_crawler":8,"minecraft:spider":3,"divinerpg:the_eye":3,"minecraft:skeleton":15,"divinerpg:rotatick":6,"divinerpg:kobblin":6,"alexsmobs:bison":1,"divinerpg:ender_spider":1,"minecraft:pig":1,"minecraft:wandering_trader":3,"minecraft:creeper":6,"divinerpg:miner":11,"minecraft:zombie":46,"divinerpg:the_grue":4},"minecraft:custom":{"minecraft:mob_kills":118,"minecraft:interact_with_crafting_table":28,"minecraft:leave_game":6,"minecraft:time_since_death":242586,"minecraft:sprint_one_cm":647038,"minecraft:walk_one_cm":805710,"minecraft:damage_blocked_by_shield":1945,"minecraft:drop":82,"minecraft:talked_to_villager":1,"minecraft:play_time":242586,"minecraft:sneak_time":14011,"minecraft:walk_under_water_one_cm":36767,"minecraft:boat_one_cm":89363,"minecraft:jump":4345,"minecraft:walk_on_water_one_cm":21643,"minecraft:total_world_time":242586,"minecraft:interact_with_furnace":26,"minecraft:interact_with_loom":1,"minecraft:sleep_in_bed":10,"minecraft:time_since_rest":14632,"minecraft:damage_taken":2788,"minecraft:damage_dealt":30411,"minecraft:swim_one_cm":55896,"minecraft:fly_one_cm":822935,"minecraft:open_chest":47,"minecraft:crouch_one_cm":45830,"tombstone:undead_killed":72,"minecraft:fall_one_cm":119665},"minecraft:picked_up":{"minecraft:crafting_table":11,"minecraft:coarse_dirt":2,"minecraft:azure_bluet":2,"minecraft:structure_block":2,"regions_unexplored:silt_dirt":3,"minecraft:enchanted_book":1,"divinerpg:corrupted_shards":9,"regions_unexplored:maple_planks":18,"regions_unexplored:red_maple_leaf_pile":2,"minecraft:string":6,"regions_unexplored:prismarite_cluster":30,"divinerpg:aqua_ball":2,"minecraft:raw_copper":10,"minecraft:iron_leggings":1,"regions_unexplored:orange_maple_sapling":1,"regions_unexplored:pine_log":7,"minecraft:cobbled_deepslate":168,"minecraft:beef":6,"minecraft:iron_pickaxe":1,"minecraft:poppy":3,"divinerpg:raw_arlemite":15,"minecraft:furnace":3,"divinerpg:arlemite_ingot":4,"minecraft:stick":1,"minecraft:raw_iron":45,"minecraft:torch":72,"divinerpg:terran_shards":7,"minecraft:porkchop":3,"minecraft:pointed_dripstone":16,"tombstone:grave_dust":4,"minecraft:diorite":9,"minecraft:redstone":2,"minecraft:cauldron":2,"minecraft:arrow":2,"minecraft:rotten_flesh":17,"minecraft:shears":1,"divinerpg:raw_realmite":21,"minecraft:hay_block":133,"minecraft:gold_ingot":1,"regions_unexplored:magnolia_sapling":2,"minecraft:cobblestone":571,"minecraft:oxeye_daisy":3,"regions_unexplored:hanging_prismarite":3,"divinerpg:raw_rupee":2,"minecraft:andesite":49,"minecraft:oak_log":12,"minecraft:yellow_bed":1,"divinerpg:rupee_ingot":3,"minecraft:gunpowder":5,"minecraft:lapis_lazuli":30,"minecraft:dirt":1889,"minecraft:blue_bed":1,"regions_unexplored:large_prismarite_cluster":10,"minecraft:bone":6,"minecraft:wheat_seeds":51,"minecraft:iron_ingot":1,"regions_unexplored:pine_boat":6,"minecraft:oak_planks":2,"regions_unexplored:orange_maple_leaf_pile":2,"divinerpg:realmite_ingot":1,"minecraft:dandelion":17,"minecraft:dripstone_block":6,"minecraft:spruce_sapling":1,"minecraft:white_bed":6,"divinerpg:ender_shards":1,"minecraft:spider_eye":2,"minecraft:diamond_shovel":1,"minecraft:diamond":87,"minecraft:iron_helmet":1,"minecraft:granite":44,"tombstone:magic_scroll":1,"minecraft:oak_sapling":1,"minecraft:coal":95},"minecraft:broken":{"minecraft:stone_pickaxe":2,"minecraft:diamond_shovel":1},"minecraft:dropped":{"minecraft:wheat_seeds":19,"minecraft:diamond":26,"minecraft:dripstone_block":2,"minecraft:iron_helmet":2,"minecraft:cobblestone":67,"minecraft:granite":44,"minecraft:oxeye_daisy":1,"minecraft:dirt":21,"minecraft:diorite":5,"regions_unexplored:orange_maple_sapling":1,"minecraft:diamond_helmet":1,"tombstone:grave_dust":2,"minecraft:iron_leggings":2,"minecraft:red_dye":1,"minecraft:iron_pickaxe":2,"minecraft:string":4,"minecraft:dandelion":14,"minecraft:bone":6,"minecraft:redstone":2,"minecraft:furnace":1,"minecraft:coarse_dirt":2,"minecraft:stone_sword":1,"alexsmobs:animal_dictionary":1,"minecraft:cobbled_deepslate":64,"minecraft:raw_copper":10,"minecraft:pointed_dripstone":1,"minecraft:rotten_flesh":17,"minecraft:iron_boots":1,"minecraft:azure_bluet":1,"divinerpg:terran_shards":7,"minecraft:iron_chestplate":1,"minecraft:andesite":19,"minecraft:spider_eye":1,"minecraft:light_gray_dye":1,"minecraft:arrow":2,"minecraft:wooden_pickaxe":1,"regions_unexplored:silt_dirt":2},"minecraft:used":{"minecraft:stone_sword":82,"minecraft:diamond_hoe":146,"minecraft:chest":4,"minecraft:shield":68,"minecraft:iron_chestplate":1,"regions_unexplored:maple_planks":12,"minecraft:torch":8,"minecraft:dirt":138,"minecraft:lava_bucket":3,"minecraft:iron_helmet":1,"minecraft:iron_boots":1,"minecraft:oak_sapling":1,"minecraft:furnace":3,"tombstone:gift":1,"minecraft:cobbled_deepslate":43,"minecraft:pointed_dripstone":1,"minecraft:iron_leggings":1,"minecraft:wheat_seeds":27,"minecraft:water_bucket":52,"minecraft:diorite":4,"minecraft:diamond_boots":1,"minecraft:stone_pickaxe":262,"minecraft:wooden_pickaxe":5,"minecraft:cauldron":3,"minecraft:blue_bed":1,"minecraft:crafting_table":11,"minecraft:white_bed":6,"minecraft:dripstone_block":4,"divinerpg:rupee_rapier":334,"minecraft:diamond_pickaxe":687,"minecraft:apple":3,"minecraft:diamond_shovel":1860,"regions_unexplored:pine_boat":6,"minecraft:bread":77,"minecraft:iron_pickaxe":197,"tombstone:magic_scroll":1,"minecraft:spruce_sapling":1,"minecraft:stone_axe":75,"minecraft:diamond_sword":115,"minecraft:cobblestone":224,"minecraft:andesite":6,"minecraft:bucket":55,"minecraft:yellow_bed":1},"minecraft:mined":{"minecraft:diamond_ore":3,"minecraft:white_bed":5,"regions_unexplored:maple_planks":19,"minecraft:deepslate_diamond_ore":73,"minecraft:sculk_vein":1,"divinerpg:arlemite_ore_deepslate":15,"divinerpg:realmite_ore":24,"minecraft:glow_lichen":1,"minecraft:granite":45,"regions_unexplored:hanging_prismarite":3,"minecraft:grass_block":924,"regions_unexplored:large_prismarite_cluster":10,"minecraft:oxeye_daisy":2,"minecraft:spawner":1,"minecraft:hay_block":138,"minecraft:furnace":3,"minecraft:iron_ore":45,"minecraft:cobbled_deepslate":19,"minecraft:andesite":49,"minecraft:deepslate_lapis_ore":5,"minecraft:azure_bluet":1,"minecraft:pointed_dripstone":11,"minecraft:stone":535,"regions_unexplored:silt_grass_block":1,"regions_unexplored:cave_hyssop":1,"minecraft:soul_sand":1,"minecraft:dandelion":7,"minecraft:crafting_table":11,"minecraft:torch":1,"minecraft:poppy":2,"regions_unexplored:silt_dirt":1,"minecraft:sculk_sensor":1,"minecraft:copper_ore":4,"minecraft:tall_grass":21,"minecraft:cobblestone":43,"divinerpg:rupee_ore_deepslate":2,"minecraft:oak_planks":2,"minecraft:sculk":7,"minecraft:diorite":10,"regions_unexplored:prismarite_cluster":30,"minecraft:wall_torch":4,"minecraft:cauldron":2,"regions_unexplored:pine_log":7,"minecraft:coarse_dirt":2,"minecraft:ice":1,"minecraft:yellow_bed":1,"minecraft:grass":209,"minecraft:oak_log":12,"minecraft:coal_ore":45,"minecraft:dripstone_block":6,"minecraft:dirt":959,"rpg_companions_tiny_dragons:skeleton":1,"regions_unexplored:prismoss_sprout":4,"minecraft:oak_leaves":8,"minecraft:deepslate":145}},"DataVersion":3465}