{"stats":{"minecraft:mined":{"minecraft:hay_block":25,"minecraft:coarse_dirt":1,"minecraft:furnace":1,"minecraft:iron_ore":17,"minecraft:crafting_table":3,"minecraft:grass":2,"minecraft:coal_ore":38,"regions_unexplored:silt_dirt":1,"minecraft:dirt":2,"minecraft:cobblestone":6,"minecraft:stone":46,"regions_unexplored:silt_grass_block":1,"regions_unexplored:pine_log":7},"minecraft:picked_up":{"minecraft:coarse_dirt":1,"minecraft:crafting_table":3,"minecraft:raw_iron":17,"divinerpg:terran_shards":2,"regions_unexplored:silt_dirt":2,"minecraft:redstone":2,"minecraft:dirt":2,"regions_unexplored:pine_log":7,"minecraft:hay_block":24,"minecraft:coal":38,"minecraft:cobblestone":51,"minecraft:furnace":1},"minecraft:killed":{"minecraft:zombie":1,"divinerpg:kobblin":1},"minecraft:crafted":{"regions_unexplored:pine_planks":28,"minecraft:iron_boots":1,"minecraft:shield":1,"minecraft:crafting_table":1,"minecraft:stick":8,"minecraft:iron_helmet":1,"minecraft:iron_ingot":10,"minecraft:wooden_pickaxe":1,"minecraft:stone_pickaxe":1,"minecraft:stone_sword":1,"minecraft:furnace":1,"minecraft:torch":4,"minecraft:stone_axe":1,"minecraft:bread":72,"minecraft:air":0,"minecraft:wheat":216},"minecraft:dropped":{"minecraft:dirt":2,"minecraft:coarse_dirt":1,"alexsmobs:animal_dictionary":1,"minecraft:wooden_pickaxe":1,"regions_unexplored:silt_dirt":2,"divinerpg:terran_shards":2},"minecraft:used":{"minecraft:apple":3,"minecraft:stone_sword":13,"minecraft:bread":1,"minecraft:stone_pickaxe":103,"minecraft:iron_helmet":1,"minecraft:wooden_pickaxe":5,"minecraft:iron_boots":1,"minecraft:stone_axe":4,"minecraft:cobblestone":19,"minecraft:crafting_table":3,"minecraft:furnace":1},"minecraft:custom":{"minecraft:time_since_rest":21905,"minecraft:interact_with_furnace":8,"minecraft:sprint_one_cm":24914,"minecraft:damage_taken":117,"minecraft:walk_one_cm":67952,"minecraft:mob_kills":2,"minecraft:drop":9,"minecraft:damage_dealt":519,"minecraft:interact_with_crafting_table":9,"minecraft:fly_one_cm":31309,"minecraft:open_chest":2,"minecraft:crouch_one_cm":1111,"minecraft:interact_with_loom":1,"minecraft:play_time":21905,"tombstone:undead_killed":1,"minecraft:sneak_time":497,"minecraft:jump":358,"minecraft:leave_game":1,"minecraft:time_since_death":21905,"minecraft:total_world_time":21905,"minecraft:fall_one_cm":9857}},"DataVersion":3465}